0,0.7086576341295644,-100.0,-0.784699839872,0.0
1,0.6907934446098554,-99.9866551371,-0.794155479001,0.0
2,0.6747683083558503,-100.0,-0.791402589301,0.0
3,0.6566632505109726,-100.0,-0.72096481361,0.0
4,0.6421620031378239,-100.0,-0.773408746016,0.0
5,0.628484693862936,-100.0,-0.76464191462,0.0
6,0.6122123213810824,-100.0,-0.779082159819,0.0
7,0.5961590364625078,-100.0,-0.772118882581,0.0
8,0.5829215922396336,-100.018277102,-0.727756827536,0.0
9,0.5610109992419549,-100.0,-0.762197896506,0.0
10,0.5551163174926631,-99.3961136774,-0.768587103994,0.0
11,0.5391450568192675,-100.005763278,-0.779443330714,0.0
12,0.5097800757823905,-100.198091629,-0.806502643921,0.0
13,0.5010499729557903,-100.0,-0.734553118392,0.0
14,0.47119775864225366,-99.7285348796,-0.763180765441,0.0
15,0.46499749144907115,-99.9606865968,-0.777489080186,0.0
16,0.45776999734273016,-99.5156041443,-0.778198523208,0.0
17,0.5147670194956744,-101.481766214,-0.746028154591,0.0
18,0.5294207192807686,-101.394970639,-0.770065209094,0.0
19,0.5381504013693332,-99.6268121347,-0.776121125355,0.0
20,0.608436321869482,-100.564499752,-0.735018543205,0.0
21,0.6230306883246055,-95.3575712406,-0.73729806608,0.0
22,0.6098714548720782,-100.722723084,-0.799998138255,0.0
23,0.634177868945493,-99.799061169,-0.743269904696,0.0
24,0.5705277644491309,-98.8417765329,-0.782347258378,0.0
25,0.5264476888945354,-98.8871899529,-0.744043118295,0.0
26,0.4782910733858406,-96.9051803883,-0.769395289006,0.0
27,0.4075127842705148,-97.471723954,-0.722458610022,0.0
28,0.4265294677421431,-99.0939336271,-0.797452491234,0.0
29,0.4018277397922808,-96.3352342246,-0.782156193947,0.0
30,0.4310245241788299,-98.7460362676,-0.785803925238,0.0
31,0.46670848486486877,-97.9630324435,-0.72603480583,0.0
32,0.49610063918110703,-99.5589784797,-0.762862780473,0.0
33,0.5516000032455255,-98.8967838978,-0.713188371532,0.0
34,0.5397491350654653,-100.084263511,-0.782995942749,0.0
35,0.5002187311107531,-98.7145609509,-0.771197522392,0.0
36,0.4903827433726756,-99.0900565094,-0.76222459058,0.0
37,0.3890072665885274,-100.107349179,-0.779442574231,0.0
38,0.33291447293995174,-100.0,-0.796559315375,0.0
39,0.2819949718760829,-99.8085132853,-0.752016969268,0.0
40,0.2377761452758755,-100.824410222,-0.776909460215,0.0
41,0.2155298250073878,-100.0,-0.750252417241,0.0
42,0.20341695352374156,-100.241406192,-0.739691123904,0.0
43,0.2083775126055539,-98.1696543322,-0.779270816034,0.0
44,0.24843305977188052,-94.4389659262,-0.753944145293,0.0
45,0.25154418349015006,-96.5036426252,-0.777958809903,0.0
46,0.2804340830258938,-94.556315628,-0.717567422805,0.0
47,0.30925532614330503,-91.6393363847,-0.729626333432,0.0
48,0.35588068235818626,-89.8354329204,-0.668733519762,4.166666666666667
49,0.314829934248497,-85.0917165156,-0.637459605059,4.166666666666667
50,0.34880753513535034,-87.9887599554,-0.598001971318,4.166666666666667
51,0.3172096823144,-84.2920580277,-0.63480257917,4.166666666666667
52,0.3020359661649671,-84.9024573029,-0.624850449699,0.0
53,0.3083765738023062,-87.9634823904,-0.587107337206,0.0
54,0.22191039528112402,-82.102612688,-0.609751526559,4.166666666666667
55,0.23101149274352528,-83.4342616474,-0.616098101654,0.0
56,0.15275632674286332,-85.7758964313,-0.658781649078,0.0
57,0.17261125008432004,-87.1672278871,-0.66858833238,4.166666666666667
58,0.11425260424678378,-93.9495363198,-0.728384060132,0.0
59,0.10610309144609358,-94.1623654776,-0.750822174432,0.0
60,0.12739779097392884,-89.379370179,-0.663362268549,0.0
61,0.12485978200814472,-90.415702003,-0.691423149283,0.0
62,0.17527010306036275,-90.2366991769,-0.700946622164,4.166666666666667
63,0.12740110948410888,-93.0909242415,-0.730920860394,0.0
64,0.12633281948100536,-98.6249174715,-0.769593293532,0.0
65,0.15757464660071524,-90.5574696682,-0.726144314127,0.0
66,0.1403971806384239,-95.0961448016,-0.780262620479,0.0
67,0.12299765828963245,-96.9686856282,-0.721296877585,0.0
68,0.1745756081634832,-94.1773285851,-0.727319760401,0.0
69,0.16494792912590486,-90.98523043,-0.658526026816,4.166666666666667
70,0.13105309616462943,-100.0,-0.751815575645,0.0
71,0.16518604069106013,-89.4442349465,-0.662975818134,0.0
72,0.1296426156681589,-98.6336592827,-0.746097528567,0.0
73,0.1352881152045786,-95.613885954,-0.750921331084,0.0
74,0.12125067428387495,-95.7696075022,-0.762579526,0.0
75,0.11965234031538129,-97.7733102006,-0.770350964243,0.0
76,0.13157854591672374,-95.2430299751,-0.715395149103,0.0
77,0.12520059733118755,-91.515022835,-0.716186020614,0.0
78,0.13448203462460018,-87.8674095237,-0.671448910181,4.166666666666667
79,0.12976871446808116,-87.4736420848,-0.635314898507,0.0
80,0.13777757867004384,-84.9553245561,-0.609559325838,0.0
81,0.10156778967643391,-96.3341649227,-0.734540334189,0.0
82,0.14838160198004496,-74.7040547135,-0.517120934003,0.0
83,0.1182298534216724,-85.0716673847,-0.623785509717,0.0
84,0.12243133034088186,-81.3510252232,-0.581990523185,0.0
85,0.14729461857865403,-82.0337284436,-0.577433289306,4.166666666666667
86,0.1028464562539206,-73.7006500648,-0.494708191006,4.166666666666667
87,0.12140098158395778,-78.0892659398,-0.553346454078,0.0
88,0.0785914858173817,-80.1330123975,-0.592436577116,0.0
89,0.14950865739035513,-80.3238816079,-0.603139158433,4.166666666666667
90,0.10009920902153331,-78.4371588492,-0.534112352128,0.0
91,0.08575966274410897,-77.5660851148,-0.534784075356,0.0
92,0.06331437118370599,-84.5142893327,-0.629814691481,0.0
93,0.06995639512452051,-78.4576077614,-0.579183536432,0.0
94,0.07182507501687986,-81.3670804663,-0.585947320243,0.0
95,0.1875764308629043,-72.2693470887,-0.532727264101,0.0
96,0.09280613561926962,-71.3782184432,-0.483468856336,8.333333333333334
97,0.09953870510073957,-73.7965419189,-0.541360688925,0.0
98,0.08220361971831898,-82.7143082371,-0.590305191801,0.0
99,0.13791834576697357,-76.4029856999,-0.499751638593,0.0
100,0.09906726417888041,-75.7324595212,-0.517889014957,8.333333333333334
101,0.08435847359769279,-87.4536804925,-0.610900666498,0.0
102,0.10610075959397333,-74.520675989,-0.539864290512,0.0
103,0.0907752922109169,-86.360483091,-0.660344423966,0.0
104,0.08966721885617567,-91.8116597967,-0.659351349918,4.166666666666667
105,0.132375931596676,-85.7309230825,-0.648642225523,0.0
106,0.07921530308968684,-81.3941701597,-0.585653481595,0.0
107,0.1058678964069825,-79.6629005423,-0.597665051734,0.0
108,0.07416558742856713,-95.0883164313,-0.713253946847,0.0
109,0.1830223785763955,-81.6703226949,-0.634583457298,0.0
110,0.11703441846437822,-81.6499767502,-0.623568207189,0.0
111,0.18185961098409112,-69.2096620263,-0.525075084253,4.166666666666667
112,0.19864244494777822,-87.6177170195,-0.65057797812,4.166666666666667
113,0.14786615205959458,-74.5614380644,-0.524028616714,4.166666666666667
114,0.20184251839896716,-83.0260723483,-0.62224188908,0.0
115,0.08848539033756325,-91.4725962734,-0.700095071285,0.0
116,0.20636680073247787,-84.3859278034,-0.6671059022,0.0
117,0.08775625754365436,-100.280814766,-0.698806161544,0.0
118,0.33996170267987086,-84.2526956399,-0.595332802191,8.333333333333334
119,0.11580439447310804,-84.2628611605,-0.678090033729,0.0
120,0.16541716537243142,-87.8501131191,-0.566812565609,4.166666666666667
121,0.07044067319065854,-100.444917089,-0.810351851708,0.0
122,0.18952937567544453,-100.604820547,-0.753594185569,4.166666666666667
123,0.09932508837636454,-99.131368135,-0.803615853246,0.0
124,0.1522134930516296,-95.1925723602,-0.742025899783,0.0
125,0.08531935247649527,-100.410182173,-0.738579365703,0.0
126,0.11198006387633055,-91.6486158897,-0.71243141808,0.0
127,0.16815089125678268,-100.08624836,-0.784077610491,0.0
128,0.09996775763864359,-78.9024760666,-0.630618083706,4.166666666666667
129,0.08508337149171624,-100.987052541,-0.763098217845,0.0
130,0.16977661181016232,-91.1138752269,-0.655605530703,4.166666666666667
131,0.23761451796813077,-87.8962645662,-0.722937262301,4.166666666666667
132,0.09318691376733482,-102.83697627,-0.760081546501,0.0
133,0.32228110168491286,-88.5567725685,-0.682745428014,4.166666666666667
134,0.1523702382384409,-90.0993843467,-0.669585152038,0.0
135,0.10988041030716973,-89.9759995127,-0.722717265073,4.166666666666667
136,0.25054540681162524,-81.7238249419,-0.622176630459,0.0
137,0.1463861140096075,-91.1020698797,-0.668236066126,4.166666666666667
138,0.25473350462873295,-98.258100025,-0.723726654302,4.166666666666667
139,0.2883894409464325,-91.7811861797,-0.643343114263,4.166666666666667
140,0.2199647120143441,-85.9073226162,-0.613591061291,4.166666666666667
141,0.3620517837834774,-81.8709804469,-0.643666886701,0.0
142,0.4349745684852424,-76.3158589179,-0.592969598795,4.166666666666667
143,0.3086875011632258,-82.024269717,-0.593299667083,0.0
144,0.4043214283890799,-79.5899944963,-0.540871588208,4.166666666666667
145,0.30339849089453347,-90.7419841779,-0.707253981149,4.166666666666667
146,0.34354181762574737,-88.6430366991,-0.673522445844,4.166666666666667
147,0.3554960993184759,-73.5035794544,-0.52250887966,0.0
148,0.3660705403829788,-94.1575720235,-0.76649858534,0.0
149,0.4198495312523674,-77.2641547377,-0.60386987961,0.0
150,0.4299657508662196,-78.3103371206,-0.580746935079,0.0
151,0.7163394920561934,-65.2939559184,-0.452616446037,4.166666666666667
152,0.3322246632240919,-90.2332917804,-0.653236361277,0.0
153,0.45512719069445723,-77.817743596,-0.590238654293,8.333333333333334
154,0.1818236659158893,-78.3941993425,-0.599023796014,0.0
155,0.2768313761526062,-73.9855731234,-0.557859000095,0.0
156,0.5273399102422122,-75.5707390507,-0.54822123413,8.333333333333334
157,0.18299356216705248,-74.1489157629,-0.536277967454,0.0
158,0.3188487826459945,-69.8469059212,-0.500958640021,0.0
159,0.2220582558032906,-96.0956287515,-0.726446977005,4.166666666666667
160,0.20853411206330183,-92.4446881049,-0.642792660368,0.0
161,0.1196095284842383,-96.5103582178,-0.722411126057,0.0
162,0.2149934337458582,-93.1656878956,-0.688424091113,4.166666666666667
163,0.2804911653289777,-95.6726019063,-0.734227343352,4.166666666666667
164,0.5866495870618835,-75.8548360994,-0.540226394078,4.166666666666667
165,0.3159513856667129,-75.1281007044,-0.592816972464,4.166666666666667
166,0.39574744003058093,-76.1296369135,-0.555304252355,0.0
167,0.34724803259897585,-82.3508671145,-0.559803720303,0.0
168,0.09409606886080704,-78.1079531527,-0.597255881357,0.0
169,0.23493832953564164,-75.7605788942,-0.50519738288,0.0
170,0.14496193058994336,-73.6624106851,-0.502003535148,0.0
171,0.23358140212671302,-82.3554128375,-0.596473950471,0.0
172,0.33932456511893105,-72.5680755696,-0.520387660674,4.166666666666667
173,0.16704314582659535,-71.6591263012,-0.502890755525,0.0
174,0.2795379970941486,-75.4508363211,-0.560601761151,4.166666666666667
175,0.14182714510880295,-90.6540543268,-0.669511724042,0.0
176,0.23286928454818717,-77.5283717318,-0.552559952567,8.333333333333334
177,0.17548874781579507,-76.1043408109,-0.564251950193,8.333333333333334
178,0.2982782126058592,-82.4193544004,-0.620340091873,0.0
179,0.37771327413681716,-68.0296068479,-0.509922790212,8.333333333333334
180,0.07558291710364194,-93.5272649171,-0.768826396616,0.0
181,0.2034952553898546,-76.1263128637,-0.507238998312,0.0
182,0.20779410687212674,-97.7624808118,-0.723015714845,0.0
183,0.354716894097228,-79.4058377122,-0.566386367009,4.166666666666667
184,0.13474062053818417,-95.0725575787,-0.729683093276,4.166666666666667
185,0.1642856120908811,-86.8501213071,-0.674360028554,0.0
186,0.10987352497010126,-82.0561565147,-0.673884205169,4.166666666666667
187,0.1394174278242155,-95.4344555773,-0.79673015141,4.166666666666667
188,0.10872758122937523,-105.924503316,-0.836034114329,0.0
189,0.18923300771042192,-101.825398708,-0.811926642871,0.0
190,0.09133955848679669,-106.123534147,-0.806654739512,0.0
191,0.24678116400517894,-97.865552298,-0.77396091744,0.0
192,0.1007792696914793,-102.173267148,-0.837062286884,0.0
193,0.3159122148705698,-98.2833836523,-0.820309789526,0.0
194,0.09999726969222443,-118.46688272,-1.03215516687,0.0
195,0.2393118539780479,-98.7954721507,-0.79328434891,4.166666666666667
196,0.20605398663090363,-96.1691024665,-0.78132765607,4.166666666666667
197,0.1051711221754476,-109.710338856,-0.881952210278,4.166666666666667
198,0.13081863662572252,-84.4636820283,-0.691585453277,8.333333333333334
199,0.37464062370171725,-97.3542304032,-0.754186083136,4.166666666666667
200,0.08841719855134193,-104.94798631,-0.813996238447,0.0
201,0.37526641999615484,-91.8841917535,-0.766511943294,0.0
202,0.10362736525034937,-103.056214501,-0.77862265053,0.0
203,0.1416735989914265,-95.1046135111,-0.708315267277,4.166666666666667
204,0.2929500280043878,-97.3633310307,-0.755632496409,0.0
205,0.09422800876150635,-94.4970621884,-0.738268867341,0.0
206,0.21293125702842192,-101.221098889,-0.753629313961,4.166666666666667
207,0.16090394977059627,-87.0731161879,-0.68013807356,12.5
208,0.10350108288100689,-94.7796850266,-0.739815879675,0.0
209,0.20843688379918818,-103.623427822,-0.857768686135,0.0
210,0.31598964269181884,-90.3753906063,-0.690842184065,4.166666666666667
211,0.11344788709663897,-113.049620806,-0.899544813494,0.0
212,0.10839093381617391,-115.999795593,-0.911153530177,0.0
213,0.1683206065163199,-110.487120368,-0.895579045977,4.166666666666667
214,0.09315809963717049,-125.91370829,-0.982659870729,4.166666666666667
215,0.09941632473498792,-113.22024542,-0.910706892489,4.166666666666667
216,0.09874537800916923,-119.136175519,-0.967876947091,0.0
217,0.25659506678049515,-108.462166025,-0.868215651529,0.0
218,0.31751375581590047,-107.626011505,-0.819868475019,0.0
219,0.267999701189586,-85.259067109,-0.644563941178,4.166666666666667
220,0.22854656893432188,-92.3906626901,-0.644771255839,0.0
221,0.22325067375193777,-82.2939332173,-0.650766255067,12.5
222,0.07797719122121778,-111.966610687,-0.88477196551,4.166666666666667
223,0.10934342115726452,-88.4619651532,-0.687420666771,0.0
224,0.07836569896477368,-104.536499143,-0.810416744538,0.0
225,0.1722906020497625,-88.0994171998,-0.615983540135,8.333333333333334
226,0.19905039779279188,-87.7795135889,-0.659574258389,8.333333333333334
227,0.35514749274748614,-92.6669055678,-0.646467776418,0.0
228,0.10419754480243386,-104.564852072,-0.805245788549,4.166666666666667
229,0.1938805145279216,-88.4013807627,-0.666625101364,4.166666666666667
230,0.11644813429740059,-89.5272372948,-0.672510774937,0.0
231,0.22914735074425788,-92.870541994,-0.753759653538,0.0
232,0.2631208472380461,-102.91088082,-0.828755463012,0.0
233,0.19068848001612174,-88.4085305639,-0.730771743096,4.166666666666667
234,0.06257968070804419,-118.621702689,-0.981201667648,0.0
235,0.09969221020287745,-85.0726033162,-0.637577981852,0.0
236,0.1905557468257297,-99.8474947699,-0.815589099686,0.0
237,0.07717784139981845,-94.6629107201,-0.715747070876,0.0
238,0.0876128119346861,-100.68250427,-0.755363909199,0.0
239,0.1560242808252,-103.257049528,-0.812912557768,0.0
240,0.18119903544918095,-74.3123995145,-0.554749281288,4.166666666666667
241,0.10537810434685689,-88.6178763228,-0.632040738297,4.166666666666667
242,0.1565822285858284,-91.8487631825,-0.718229915522,4.166666666666667
243,0.26550728351532804,-76.8474588391,-0.563025650254,0.0
244,0.2455991015553702,-80.1926056336,-0.571194900709,8.333333333333334
245,0.33744020579138334,-74.2576384989,-0.516807163167,0.0
246,0.10135473676719994,-86.4088766699,-0.624419507669,0.0
247,0.22016513807150345,-81.3706445856,-0.611961433908,4.166666666666667
248,0.21636052793733404,-74.9657381076,-0.527294303921,8.333333333333334
249,0.11653487481773406,-77.6070869456,-0.625307014873,0.0
250,0.11265575188547103,-69.9544317801,-0.464040573565,8.333333333333334
251,0.18102242621307557,-74.121617847,-0.512999887894,4.166666666666667
252,0.07912267637178229,-86.8396770378,-0.613558812692,4.166666666666667
253,0.15540272987940765,-70.2537989955,-0.515634477217,4.166666666666667
254,0.25058572358992054,-76.3725803031,-0.531242168437,4.166666666666667
255,0.15118945361156244,-86.2776941654,-0.647237252857,0.0
256,0.17620732258217028,-60.4778788742,-0.421098668837,8.333333333333334
257,0.090416640772107,-78.8275889191,-0.606567419734,4.166666666666667
258,0.0655213020795042,-91.8395372083,-0.664735812154,8.333333333333334
259,0.08147419244520612,-81.1085150252,-0.628227608148,0.0
260,0.220853387664116,-91.5919075867,-0.640245115983,0.0
261,0.12297314042168267,-73.2459914689,-0.524593724378,4.166666666666667
262,0.06874856473043077,-91.4103365758,-0.707475195078,0.0
263,0.12020354966389245,-81.4491206514,-0.615231256694,0.0
264,0.1339776295019937,-76.1842928208,-0.573135140977,8.333333333333334
265,0.10434541662945174,-76.9399188389,-0.521013628482,0.0
266,0.0713870148362946,-72.3217551072,-0.531775907366,4.166666666666667
267,0.09145079231772948,-79.09649532,-0.554975589253,4.166666666666667
268,0.12607782270104384,-70.615921964,-0.489785685972,8.333333333333334
269,0.11019336518437399,-70.8587781763,-0.481536542029,4.166666666666667
270,0.06905815080351557,-80.0226350065,-0.595516848872,0.0
271,0.13277528233516872,-84.8732617652,-0.642604096988,0.0
272,0.0678999485260009,-84.0916041838,-0.617846979435,4.166666666666667
273,0.07724791381445595,-92.9286177345,-0.696541026013,0.0
274,0.1301301437640224,-77.3136557422,-0.594766555209,4.166666666666667
275,0.06218860640473955,-94.3612569504,-0.681180088198,0.0
276,0.07579219205212917,-91.6393724715,-0.596763280924,0.0
277,0.11452718242717626,-90.8856552696,-0.681839755663,0.0
278,0.05002004767788463,-92.5504335586,-0.740541016163,4.166666666666667
279,0.15997752931259457,-72.970121653,-0.542677315932,8.333333333333334
280,0.06195582893531965,-101.690353137,-0.853795338662,0.0
281,0.14505844396184397,-92.8719888087,-0.724345741407,0.0
282,0.06826089141146545,-101.616586092,-0.784729038364,0.0
283,0.15143517358465727,-96.3411025931,-0.706211909744,0.0
284,0.10141568937192146,-96.4011015196,-0.671057993601,4.166666666666667
285,0.13244774700160533,-87.2998516329,-0.665470231831,0.0
286,0.07934057813190717,-96.5040878819,-0.77353637528,4.166666666666667
287,0.16490948042953968,-78.807428295,-0.596164887006,0.0
288,0.1307904046191842,-78.5388002169,-0.582044633553,0.0
289,0.09486352929991551,-80.2667227035,-0.646276851333,0.0
290,0.06688522660845074,-97.4004685485,-0.771208435491,4.166666666666667
291,0.09449760111977477,-79.0407997933,-0.58516772872,0.0
292,0.07568839854261715,-93.2108640465,-0.734670237342,4.166666666666667
293,0.06810738978326522,-99.9030766156,-0.711566657356,0.0
294,0.06745693178489451,-87.7166275498,-0.717906311266,0.0
295,0.07161054683744333,-101.754213175,-0.723245846613,0.0
296,0.13882003210651697,-86.7797022818,-0.63200554843,4.166666666666667
297,0.1345859844462902,-99.2166438195,-0.779535195374,8.333333333333334
298,0.05586760184476074,-96.7296820722,-0.817313410205,4.166666666666667
299,0.0750438277768286,-97.6793387045,-0.788878331161,0.0
300,0.07933669583909454,-91.1505570776,-0.710559038623,4.166666666666667
301,0.0761985317852459,-107.952388658,-0.91649444223,0.0
302,0.11941386570221865,-86.6728220717,-0.60844757505,0.0
303,0.10324210821500227,-94.9692211384,-0.72244676811,0.0
304,0.08721480953889094,-99.7216637248,-0.678314541052,4.166666666666667
305,0.08710125670637268,-91.60951047,-0.744648836533,4.166666666666667
306,0.0788885351200619,-92.8916558657,-0.712097114449,4.166666666666667
307,0.050068385677742334,-98.1669144458,-0.821574028676,0.0
308,0.07569722781027285,-90.2592158604,-0.730125030595,0.0
309,0.11025760240076707,-90.1498159031,-0.703063160873,0.0
310,0.08718383000104837,-76.3087913609,-0.582950812464,4.166666666666667
311,0.07953623277331513,-88.7958252364,-0.738202292557,4.166666666666667
312,0.04887916508717119,-91.1239399464,-0.695577279579,0.0
313,0.08019425310758509,-89.1007695455,-0.633108438835,0.0
314,0.07700049675897823,-99.5248479929,-0.64880645395,0.0
315,0.0526660709508018,-97.2624143009,-0.859890450006,4.166666666666667
316,0.06552169297413979,-84.3299883715,-0.564188877842,0.0
317,0.08092977672452904,-85.3198317119,-0.654533733842,4.166666666666667
318,0.0808440048624678,-84.2847602998,-0.647416498445,4.166666666666667
319,0.14067401709268748,-83.1713974397,-0.57814646138,4.166666666666667
320,0.05180563825601907,-93.6023184094,-0.675831964905,0.0
321,0.056612457790093676,-83.4057699436,-0.595879665075,4.166666666666667
322,0.05431965765039615,-83.6119989758,-0.650278792563,0.0
323,0.07622389024314528,-96.410639581,-0.755715965153,0.0
324,0.07169020739898364,-84.5480449522,-0.65542878778,4.166666666666667
325,0.08206988549416115,-91.5539977966,-0.677161575239,0.0
326,0.05700706604973531,-87.8286354916,-0.651746041085,0.0
327,0.0724711112574019,-86.570418997,-0.69340954596,0.0
328,0.04805206188579198,-89.9177905442,-0.7044510394,0.0
329,0.0836508274602507,-86.274584785,-0.642313595752,0.0
330,0.09033901971409378,-97.8873504202,-0.802480946166,4.166666666666667
331,0.052962442854759886,-96.7317659458,-0.701028414745,8.333333333333334
332,0.05308450900570366,-100.346138054,-0.747974221209,0.0
333,0.1732846324619718,-84.1229712217,-0.653073780392,8.333333333333334
334,0.06252168944625046,-85.2764386488,-0.642278077552,0.0
335,0.06417992954384237,-91.6357874771,-0.704443767411,0.0
336,0.04959861817610756,-89.157655799,-0.631960716313,0.0
337,0.05752207766728167,-101.089005992,-0.756159944644,0.0
338,0.06837160448386809,-92.6099280118,-0.65245843544,0.0
339,0.08609243009234585,-85.2821544464,-0.663365181227,0.0
340,0.07498680612352303,-81.6000499643,-0.606622894365,4.166666666666667
341,0.12008051888872014,-78.4024125724,-0.606622335548,4.166666666666667
342,0.035107410503979655,-106.26605135,-0.848878508654,0.0
343,0.03619668320617779,-102.093107645,-0.902333633702,0.0
344,0.06514372266434688,-98.184909889,-0.73564801799,4.166666666666667
345,0.05161995022469472,-97.896061486,-0.697287969928,0.0
346,0.08632789379029555,-96.0112308114,-0.734725316762,4.166666666666667
347,0.05678828392518923,-87.5138063984,-0.676964227654,8.333333333333334
348,0.09295890813154964,-90.520882216,-0.706573518318,0.0
349,0.10892172117874556,-71.1601858095,-0.516999882203,4.166666666666667
350,0.059026944076904835,-74.1709828118,-0.563242891635,4.166666666666667
351,0.04978235019727407,-79.8182200901,-0.590968213794,0.0
352,0.12163045973840364,-75.5312433958,-0.572698197779,4.166666666666667
353,0.13078862475599454,-80.2516609134,-0.650609995191,0.0
354,0.054438371128766774,-89.8727375459,-0.665109414788,4.166666666666667
355,0.05726229782169715,-91.2559342363,-0.701148369346,0.0
356,0.040953934561038435,-86.4312819733,-0.650702402076,0.0
357,0.04657022396336281,-84.4636552431,-0.635245977318,4.166666666666667
358,0.05790106249942004,-72.2821794081,-0.478273819654,4.166666666666667
359,0.03858333743491404,-80.3533442735,-0.620321655581,0.0
360,0.1118086126090972,-69.6831468476,-0.506409713972,0.0
361,0.07710658069796426,-77.3489107079,-0.572195659623,4.166666666666667
362,0.05269254768838555,-74.5791904717,-0.508923164265,0.0
363,0.090770725403905,-82.592253555,-0.587050973279,4.166666666666667
364,0.06286552340497095,-87.2296579225,-0.660595745636,4.166666666666667
365,0.07554699424734668,-85.4343970006,-0.664496270174,4.166666666666667
366,0.10065625216192382,-77.3000949031,-0.538576673488,8.333333333333334
367,0.12777448015009868,-90.1639646347,-0.676220700477,4.166666666666667
368,0.1261313188777072,-81.3176161196,-0.591179767466,8.333333333333334
369,0.06220841591837515,-78.0256491078,-0.616966016671,0.0
370,0.05358783339170503,-78.6047266704,-0.592999097868,8.333333333333334
371,0.056979468188955176,-81.8399958118,-0.580627752954,4.166666666666667
372,0.08048570801780786,-75.3827877984,-0.598709254544,0.0
373,0.10250797995937581,-80.7731055278,-0.548251815322,4.166666666666667
374,0.06891898517733079,-67.8311012772,-0.492159069329,8.333333333333334
375,0.07364351303275844,-67.4878220395,-0.470411324226,4.166666666666667
376,0.0648929477038573,-66.2507639343,-0.436781054908,4.166666666666667
377,0.11134535847406127,-68.8094533516,-0.489852241779,4.166666666666667
378,0.06418731681446725,-73.7498768515,-0.496057025804,4.166666666666667
379,0.05402258907564846,-89.4808525731,-0.684704412004,0.0
380,0.0926519964881533,-82.1843809692,-0.59892905248,8.333333333333334
381,0.10064725736171033,-75.0100521188,-0.570600983819,0.0
382,0.08017273448401589,-74.9953909575,-0.565082695857,0.0
383,0.06404252944964468,-84.3824055158,-0.674772659932,4.166666666666667
384,0.06960753316380187,-78.6828127125,-0.60448166679,0.0
385,0.0604548374406809,-75.0067552179,-0.598757002604,4.166666666666667
386,0.14023021819933934,-79.6386360903,-0.569965055124,8.333333333333334
387,0.14856794918397245,-73.5506320278,-0.462389383506,4.166666666666667
388,0.1025489146811172,-68.1026437043,-0.486476926865,12.5
389,0.07124527382515934,-77.5738890227,-0.594634372332,0.0
390,0.06276653985528448,-71.6987123854,-0.503582188521,4.166666666666667
391,0.06889856058600051,-70.90265497,-0.468682090001,8.333333333333334
392,0.07495822465709091,-75.6511709162,-0.52971207433,4.166666666666667
393,0.097822667279704,-69.2296898311,-0.505828638992,4.166666666666667
394,0.05701333845327747,-82.7637845199,-0.579424218633,4.166666666666667
395,0.12185129530506042,-77.6483950629,-0.593643361331,12.5
396,0.06654662215132896,-81.8273864447,-0.559720658842,12.5
397,0.09149791458548966,-76.1932391666,-0.570979010607,12.5
398,0.0667867990507006,-66.3065593368,-0.496720332888,4.166666666666667
399,0.037132123559618854,-97.4863294291,-0.74098844837,0.0
400,0.15782718466040274,-83.5546973378,-0.656490260822,4.166666666666667
401,0.10638938828381665,-77.6980615853,-0.580266850007,0.0
402,0.042180606296145035,-90.1926132256,-0.692350532442,0.0
403,0.04247161135155405,-91.0194469609,-0.726253467083,8.333333333333334
404,0.04520919920208646,-94.0517112087,-0.716358735798,0.0
405,0.14231817347018777,-86.0917687269,-0.599768322177,0.0
406,0.10494152849428626,-80.158928187,-0.58676018627,4.166666666666667
407,0.10583307069292892,-77.0853393027,-0.567962555491,8.333333333333334
408,0.06728313727605564,-75.4594310118,-0.509787131782,4.166666666666667
409,0.0332255962359638,-82.0579624688,-0.610902249778,8.333333333333334
410,0.07174824597128025,-75.7577442672,-0.554785105107,0.0
411,0.06743326390402124,-87.4205971301,-0.589841244087,4.166666666666667
412,0.10065228960047402,-88.7276674066,-0.643459069604,0.0
413,0.12744478401842335,-69.5881642884,-0.497568464891,4.166666666666667
414,0.0881906461197565,-72.3373090876,-0.472352407674,4.166666666666667
415,0.11158096781614533,-66.1748231026,-0.450434806061,0.0
416,0.10074405687751721,-73.2968937139,-0.566071403063,0.0
417,0.1441381860908952,-71.6473637467,-0.493993062053,4.166666666666667
418,0.06703887231209191,-76.5670535596,-0.54146799852,0.0
419,0.10389446061141765,-53.1544478959,-0.354363353205,25.0
420,0.05241590842111109,-81.4816173348,-0.584905664022,8.333333333333334
421,0.12504258720150369,-64.4217326263,-0.430455821356,4.166666666666667
422,0.0823077733670316,-74.9460895008,-0.477684509049,8.333333333333334
423,0.028995268771497582,-84.1018078103,-0.575920957845,0.0
424,0.057548935816414376,-69.1433054715,-0.488510250014,4.166666666666667
425,0.05157669109712696,-68.3238729769,-0.450745068311,0.0
426,0.1103412240821078,-67.8592447699,-0.468613668175,4.166666666666667
427,0.10026378587222746,-68.1919029193,-0.50617927965,4.166666666666667
428,0.062239238116351105,-70.270961524,-0.45920601112,4.166666666666667
429,0.060821436843314085,-62.2566752499,-0.384396780329,8.333333333333334
430,0.06780555441165116,-81.9670110544,-0.628439870747,4.166666666666667
431,0.07386907791813947,-67.2761595153,-0.436019470395,16.666666666666668
432,0.047611291316349495,-73.7727443155,-0.519501471733,0.0
433,0.08898362795858702,-75.9232871945,-0.552162850162,12.5
434,0.1451298671495617,-74.3142980131,-0.52749202697,4.166666666666667
435,0.04856755132427319,-78.8693558292,-0.638191832902,8.333333333333334
436,0.13368169828668416,-79.9088230239,-0.610785577482,4.166666666666667
437,0.07752253273732301,-54.8681019551,-0.344220971952,12.5
438,0.03695895897165728,-79.6168703635,-0.622749036242,0.0
439,0.03917915774750218,-86.1443830306,-0.612790532937,4.166666666666667
440,0.07597218822734429,-77.7617066647,-0.600265154233,0.0
441,0.05539832559420308,-66.2335582695,-0.457725934638,4.166666666666667
442,0.050445908106189596,-73.076175143,-0.557317425066,4.166666666666667
443,0.07932634373588437,-72.1746717729,-0.484064822963,0.0
444,0.04366860995616548,-82.7348228935,-0.5835223941,4.166666666666667
445,0.08089441173020835,-75.7108411493,-0.501628184605,8.333333333333334
446,0.05596008173176995,-76.641594233,-0.560924181603,4.166666666666667
447,0.026336321445093538,-64.9402293866,-0.448562310735,12.5
448,0.04642613469583466,-81.2360261399,-0.580731389636,8.333333333333334
449,0.029482331616390127,-73.3085443913,-0.478383758407,4.166666666666667
450,0.08960854555164592,-60.8810250048,-0.441189228847,8.333333333333334
451,0.03916076788288148,-58.2703034528,-0.359737846686,12.5
452,0.04032319245049387,-63.0659093737,-0.453175008393,12.5
453,0.043900494879025885,-66.9541606974,-0.479810972129,0.0
454,0.05560585425692062,-69.170086233,-0.453405474331,4.166666666666667
455,0.041363148043804816,-74.3821495558,-0.541602652934,4.166666666666667
456,0.03398816838741239,-65.7148815524,-0.421792389074,4.166666666666667
457,0.022275125793471955,-76.3007676655,-0.531175865008,4.166666666666667
458,0.031864830168139256,-78.9112378057,-0.57369038842,0.0
459,0.051494693242443296,-64.6605481422,-0.444863978122,12.5
460,0.04900042860569645,-73.3426612547,-0.524675386762,8.333333333333334
461,0.027787251182630635,-75.2474988187,-0.510024080668,4.166666666666667
462,0.02814905805394077,-85.2700147716,-0.615707013896,0.0
463,0.03252584590869267,-71.0813988633,-0.502755373951,12.5
464,0.03523852700494202,-73.6743081509,-0.51508521906,4.166666666666667
465,0.028720815345534115,-80.8623249432,-0.573780449077,4.166666666666667
466,0.026230103519047043,-78.5279510914,-0.602506605847,0.0
467,0.015836947533530096,-87.1544302496,-0.687094391564,0.0
468,0.042188841924988146,-74.8260168169,-0.563697216651,8.333333333333334
469,0.06133184745937174,-69.3793340584,-0.515714019978,12.5
470,0.02595406848038837,-89.0917574295,-0.672397744362,0.0
471,0.03167461791025255,-80.7402732896,-0.618422291446,4.166666666666667
472,0.03199643080636448,-78.7053987483,-0.598120497726,8.333333333333334
473,0.03863726476878275,-76.0603342543,-0.562539922843,4.166666666666667
474,0.055402096826244585,-65.7675295028,-0.433249759854,4.166666666666667
475,0.0329285903131199,-68.024551851,-0.540110079356,4.166666666666667
476,0.030190847185767672,-85.5652089861,-0.636706811288,0.0
477,0.028226485331934063,-63.8028914267,-0.444779803336,12.5
478,0.02548559349429114,-74.1386761674,-0.607931723635,4.166666666666667
479,0.03613764094475403,-75.6869565333,-0.578892141182,12.5
480,0.03195379177205771,-70.9402225987,-0.506845438115,12.5
481,0.027149759105463515,-84.7241033961,-0.641567184464,0.0
482,0.04329928381882369,-72.6674197957,-0.534610505778,8.333333333333334
483,0.035529300684127706,-66.3371039636,-0.458154505064,8.333333333333334
484,0.026876486667908595,-62.2409126359,-0.45711058448,4.166666666666667
485,0.020913423911161712,-75.4399894081,-0.555409000115,4.166666666666667
486,0.01939583804689398,-71.4978015125,-0.479339490737,8.333333333333334
487,0.03785322407812862,-85.3322158122,-0.63356116886,4.166666666666667
488,0.018432391081612563,-80.2731334401,-0.496536446897,8.333333333333334
489,0.027333717334555883,-84.4227653234,-0.568950410741,0.0
490,0.025544154910029787,-72.1782911386,-0.520367387156,12.5
491,0.025737888896185498,-91.361535399,-0.725826382021,0.0
492,0.026373839876284142,-78.2250752534,-0.576996944478,0.0
493,0.01873276338608558,-85.4577344343,-0.594063887886,0.0
494,0.02902834108617051,-78.6406819928,-0.597201622732,8.333333333333334
495,0.026811211336023398,-84.829920824,-0.659361144659,0.0
496,0.022106118536994023,-73.3447619344,-0.519845181451,0.0
497,0.036987484847686256,-65.5295932682,-0.427642070654,8.333333333333334
498,0.045168269399255966,-62.8831409728,-0.437700021814,8.333333333333334
499,0.020253905005480133,-68.9739707986,-0.485757585987,4.166666666666667
500,0.019911511109793244,-87.500552237,-0.701637079049,0.0
501,0.044766846817586435,-86.2301370689,-0.616989423589,4.166666666666667
502,0.019710946509125107,-78.1504968098,-0.548756191671,0.0
503,0.026554014380681293,-78.0830259388,-0.591468551206,4.166666666666667
504,0.017892240367703063,-85.8834002311,-0.630862732424,12.5
505,0.028312767857702835,-77.5106898828,-0.523036445363,0.0
506,0.02076195982151948,-78.5679526274,-0.571650973797,4.166666666666667
507,0.038643532024357115,-75.7985641917,-0.572268233196,12.5
508,0.034421742517578874,-75.8573393279,-0.582439369031,4.166666666666667
509,0.03975427441286256,-79.5368357612,-0.592517184365,0.0
510,0.01952835699622866,-81.5367536255,-0.608905273388,0.0
511,0.02515325139325133,-60.7017511305,-0.450388370628,4.166666666666667
512,0.020507295464993913,-95.0904699795,-0.603839181547,4.166666666666667
513,0.02928274481067455,-75.3897717989,-0.542298934413,8.333333333333334
514,0.04481402089081449,-88.3464190966,-0.613089741306,4.166666666666667
515,0.0423918576351016,-79.822806703,-0.567563459615,8.333333333333334
516,0.03799618725432924,-68.4311797707,-0.461909726972,8.333333333333334
517,0.02194386512167836,-97.6566066024,-0.715348316371,4.166666666666667
518,0.04991982558298622,-68.5097812473,-0.46004722838,12.5
519,0.03202070658907452,-68.6193381601,-0.524250338218,4.166666666666667
520,0.03227839766017482,-74.3206465181,-0.50728339984,4.166666666666667
521,0.03136748537524131,-58.1890882741,-0.38105841058,12.5
522,0.03442305023755103,-65.9367807102,-0.434738049683,8.333333333333334
523,0.01777112018230669,-80.7447489672,-0.567409172015,4.166666666666667
524,0.03726632181015729,-67.9821895023,-0.482999555651,12.5
525,0.025107564999978703,-76.6235002785,-0.490544950694,4.166666666666667
526,0.045088397371492554,-71.5489051898,-0.534140029018,4.166666666666667
527,0.035450002371873526,-70.5472871851,-0.511629609437,0.0
528,0.033544508620916735,-71.7326224454,-0.435078018448,4.166666666666667
529,0.049371031875269034,-65.3786536768,-0.419783272244,4.166666666666667
530,0.025999847697980208,-64.4693876975,-0.453841823645,8.333333333333334
531,0.05102860629654264,-59.5686772636,-0.388898861038,4.166666666666667
532,0.023820898030936698,-72.8586454857,-0.47015992562,8.333333333333334
533,0.031614838625144914,-72.2574406889,-0.482612812702,4.166666666666667
534,0.025207963667036582,-71.4076487152,-0.526877773892,0.0
535,0.025971176828606543,-69.1170562995,-0.490512246056,4.166666666666667
536,0.03821650805820864,-59.0365260952,-0.390410852299,16.666666666666668
537,0.040255218672556325,-57.9348965456,-0.365792638795,12.5
538,0.030819206320596683,-56.7638027657,-0.36090125112,12.5
539,0.021197015819618255,-70.7123842038,-0.509221778008,4.166666666666667
540,0.04238102671869562,-63.5024809275,-0.415451904564,16.666666666666668
541,0.0343395177257053,-69.4712516643,-0.488526629737,8.333333333333334
542,0.03883140838370181,-64.3857573936,-0.425809251017,16.666666666666668
543,0.026148590192617043,-72.0233315174,-0.508639609009,8.333333333333334
544,0.01775441460299618,-84.8980020315,-0.5841754151,0.0
545,0.027727180627262,-83.6594043598,-0.552463954629,0.0
546,0.04119089848913401,-73.0940286642,-0.576155957094,4.166666666666667
547,0.022737358212858463,-78.0835294716,-0.546836829006,12.5
548,0.022318667410014988,-66.5735271898,-0.498737451534,4.166666666666667
549,0.026087863607989092,-60.3764294889,-0.430003217836,8.333333333333334
550,0.026075596470573524,-75.501647436,-0.552632221377,4.166666666666667
551,0.02939865549236868,-82.6587011226,-0.559088192114,0.0
552,0.0415923644063224,-73.4928466672,-0.476028831941,0.0
553,0.022877120771397762,-62.2437217102,-0.405853564672,4.166666666666667
554,0.0189912391472041,-69.6176676676,-0.491187818463,8.333333333333334
555,0.022466375412714623,-76.4434665349,-0.591838029541,0.0
556,0.026398042522473086,-61.0294653264,-0.405213627984,8.333333333333334
557,0.02831779768594501,-86.3000722033,-0.620552915956,0.0
558,0.04064119572496306,-85.8535186048,-0.573152909177,4.166666666666667
559,0.02735110916581815,-72.1060165277,-0.469742179945,4.166666666666667
560,0.025382851134404878,-85.7235748958,-0.628291086743,4.166666666666667
561,0.023709612115610106,-76.8005287068,-0.497781547223,0.0
562,0.021453131445208842,-72.4244499197,-0.569369230497,4.166666666666667
563,0.018952823857178766,-77.181785549,-0.563066135652,4.166666666666667
564,0.025752080674444587,-102.061954508,-0.801173984669,12.5
565,0.04755973893676733,-90.3641244649,-0.687904046611,4.166666666666667
566,0.03499767354703585,-89.099907266,-0.650137882137,4.166666666666667
567,0.030977861996620348,-83.071344862,-0.533130383996,0.0
568,0.024714601352301156,-100.146395935,-0.733666028052,4.166666666666667
569,0.027517634402875545,-118.79729744,-0.805580095157,0.0
570,0.02955826174629852,-101.81451539,-0.826655093918,4.166666666666667
571,0.016455264871222043,-91.3645554113,-0.654771801838,0.0
572,0.02496601820701189,-81.4745088039,-0.554607236806,4.166666666666667
573,0.018589961058429506,-84.7332454394,-0.670170648365,0.0
574,0.03526861906660363,-83.2408506298,-0.613795354915,0.0
575,0.03743139253468964,-83.068412186,-0.58025031507,4.166666666666667
576,0.023516960782676337,-101.963196529,-0.732629396718,0.0
577,0.01943180880252395,-86.3154925298,-0.652740937671,0.0
578,0.023327237373813012,-90.5991536994,-0.6614085565,4.166666666666667
579,0.03406763519264755,-81.4339421057,-0.601372224367,8.333333333333334
580,0.02446193560834013,-85.4961159116,-0.672619104334,0.0
581,0.02864636349984607,-77.0215512664,-0.575074948305,8.333333333333334
582,0.02983588864981822,-80.7350598085,-0.656718437277,0.0
583,0.026543866238691417,-93.1633723278,-0.736671700485,8.333333333333334
584,0.01864703353790738,-81.193624586,-0.626981194198,0.0
585,0.026234666225938306,-92.4546428056,-0.628243811763,8.333333333333334
586,0.04376093630799236,-80.3807491785,-0.615110427425,8.333333333333334
587,0.023416506675658203,-106.696456122,-0.835669178067,0.0
588,0.03692595598674447,-94.3800789896,-0.720035269589,0.0
589,0.02710543368789761,-85.9598732792,-0.620540275743,0.0
590,0.009162037262357158,-101.57998321,-0.787784985567,4.166666666666667
591,0.019835031087814894,-88.9596798396,-0.61686031152,8.333333333333334
592,0.024446373145537048,-78.3481773886,-0.552996251537,0.0
593,0.02807346171841458,-77.870692185,-0.589576713549,4.166666666666667
594,0.03247159666397167,-77.0132464631,-0.559842100392,12.5
595,0.06023132947138296,-73.4663726657,-0.564648088379,4.166666666666667
596,0.012906832174107775,-82.463633921,-0.605375515512,4.166666666666667
597,0.019835239194923176,-78.3058017803,-0.572497235358,0.0
598,0.008259637334090051,-91.3080611287,-0.721516186878,4.166666666666667
599,0.031272435643443806,-74.0732850981,-0.512788289107,0.0
600,0.024029145054272023,-78.1171864224,-0.597205395338,4.166666666666667
601,0.038224384800201676,-91.2416462678,-0.597505968849,4.166666666666667
602,0.03294600762086982,-72.7714801458,-0.448428764784,12.5
603,0.03591779378397777,-67.6189026356,-0.503854531496,8.333333333333334
604,0.03058895388862948,-70.9798061808,-0.487582789436,12.5
605,0.028159064078943797,-62.443729257,-0.418984016935,0.0
606,0.021894722466915487,-73.2091807323,-0.493648942939,0.0
607,0.029367613189587326,-101.485412957,-0.791505876402,4.166666666666667
608,0.0257212816608222,-82.3651146152,-0.617354342977,4.166666666666667
609,0.017147797035005873,-68.1158314292,-0.516819627619,8.333333333333334
610,0.04869098068996269,-66.1883294413,-0.414525600718,4.166666666666667
611,0.022685467815326304,-71.3083610565,-0.439657167427,4.166666666666667
612,0.02356102350748165,-78.6961078624,-0.595577993139,4.166666666666667
613,0.017991634340596013,-86.9711313948,-0.671817491578,0.0
614,0.019739755324058177,-76.4259329551,-0.576327871589,4.166666666666667
615,0.025803638172337818,-72.6221025671,-0.509267565043,0.0
616,0.02745774734099881,-67.5787881685,-0.440659441017,4.166666666666667
617,0.03842280250690347,-60.6323913817,-0.412496435608,4.166666666666667
618,0.033190790588438705,-72.2360330555,-0.485445719944,0.0
619,0.01949787609525734,-80.5585353737,-0.553885558087,4.166666666666667
620,0.025532255143494043,-75.5242934802,-0.513203764584,12.5
621,0.029383347174189563,-74.7787060458,-0.506221071745,16.666666666666668
622,0.029188195565459284,-74.1682025686,-0.504200176001,4.166666666666667
623,0.031415282113695535,-66.3775504694,-0.443538465753,12.5
624,0.08051971948275465,-67.1639268208,-0.440991692462,8.333333333333334
625,0.032279327846368576,-74.416856302,-0.552365255278,0.0
626,0.021338260508463266,-74.4717827613,-0.513695547744,0.0
627,0.03897268530275314,-61.8226982991,-0.411535916197,16.666666666666668
628,0.03192391719147986,-86.2177533205,-0.565064530979,4.166666666666667
629,0.10492573171090601,-61.4150029028,-0.378071887542,8.333333333333334
630,0.08399034669342159,-62.4338953923,-0.397924941974,8.333333333333334
631,0.028373264972129362,-63.2910922242,-0.407500122642,12.5
632,0.05189631942619553,-63.3884268798,-0.440675503395,8.333333333333334
633,0.059881127674520085,-65.0189519172,-0.388983565027,12.5
634,0.055728074526795325,-70.6961368174,-0.536375711852,8.333333333333334
635,0.044133319703239644,-72.6418103535,-0.544210730532,4.166666666666667
636,0.09343017387732044,-51.4425016256,-0.30518873527,12.5
637,0.02706915783064654,-79.7029817706,-0.558316053351,8.333333333333334
638,0.03412027781965485,-67.7283644471,-0.448567995516,8.333333333333334
639,0.05795335876280596,-66.0294194693,-0.501068834828,4.166666666666667
640,0.05931992075248855,-56.9988045806,-0.384866993122,20.833333333333332
641,0.032264653796428656,-75.6497818795,-0.508973157839,0.0
642,0.024387263257173362,-67.5559519502,-0.487734310131,4.166666666666667
643,0.03934946311911478,-65.1705318215,-0.46112242668,8.333333333333334
644,0.04557816759000045,-58.3479792446,-0.345247771504,20.833333333333332
645,0.04604859666166213,-64.9624971746,-0.414545664746,4.166666666666667
646,0.027452750771667814,-77.877346672,-0.506831786849,4.166666666666667
647,0.020124260584542697,-83.4154018245,-0.52989677861,0.0
648,0.018336191997853277,-77.3365025967,-0.483269158266,4.166666666666667
649,0.03424561524444709,-73.9810130764,-0.531103268914,0.0
650,0.0517589987533854,-59.0870475478,-0.380748278171,12.5
651,0.04400461101900551,-70.0998391216,-0.440183334192,8.333333333333334
652,0.026769532059255797,-98.8263182502,-0.64826902848,4.166666666666667
653,0.020719547981047283,-73.8637019876,-0.55784615317,12.5
654,0.03059763244714072,-72.6243029301,-0.486392207949,0.0
655,0.02473872497889017,-74.4967783285,-0.565019577851,0.0
656,0.036576275772420085,-71.6786986409,-0.477011804118,4.166666666666667
657,0.030937160143749757,-63.6670283138,-0.427284635702,8.333333333333334
658,0.04981718111454264,-73.0812960296,-0.528316140728,8.333333333333334
659,0.025702765718992247,-73.2333741397,-0.485944526549,4.166666666666667
660,0.02804818309975951,-70.3706883305,-0.475720145822,0.0
661,0.031218709300488,-53.9300592125,-0.335182309715,20.833333333333332
662,0.048922042960527025,-62.2766675948,-0.427190842106,16.666666666666668
663,0.06327017618581011,-54.0177766433,-0.311283313662,12.5
664,0.04814162527801146,-62.0866325105,-0.403929575391,8.333333333333334
665,0.02055404602383868,-72.2947981615,-0.476838435233,0.0
666,0.024682488972036374,-66.7400084086,-0.448600122438,4.166666666666667
667,0.025747808246271788,-74.7801288472,-0.505464643464,12.5
668,0.0866974804385391,-70.9923391585,-0.500235914098,4.166666666666667
669,0.025899537696577338,-79.7292112946,-0.537234359947,4.166666666666667
670,0.022945932454208638,-65.9655484149,-0.45613756632,12.5
671,0.0165161904541466,-85.7109569734,-0.597417261111,0.0
672,0.033248183605696556,-85.2569842594,-0.636362644611,4.166666666666667
673,0.029878840543077417,-69.2236830095,-0.467277921607,0.0
674,0.027140085946959224,-77.5040838398,-0.580671271065,4.166666666666667
675,0.0407824982447786,-51.2837896294,-0.360729154452,12.5
676,0.02520519445598685,-57.3018510365,-0.357050730699,12.5
677,0.03826868054699879,-62.9397974487,-0.40220446327,12.5
678,0.029915660073099374,-72.0122948782,-0.44402088094,4.166666666666667
679,0.025590544002146238,-82.5039769257,-0.630339293495,8.333333333333334
680,0.029304886418120298,-69.8116514211,-0.483855978136,4.166666666666667
681,0.03146188356191579,-59.8511054118,-0.379561542172,12.5
682,0.017214101921380356,-59.4594311628,-0.337967057848,12.5
683,0.03194286597434166,-64.4035794904,-0.405346553841,8.333333333333334
684,0.03107270779717231,-68.8101725843,-0.509139362288,12.5
685,0.018067608602499133,-60.1175429427,-0.396484142725,4.166666666666667
686,0.03384796812088036,-57.9826194899,-0.373666805133,0.0
687,0.024473188531920567,-57.4237134304,-0.361692189517,12.5
688,0.014786379121101527,-73.9507978174,-0.530663016871,4.166666666666667
689,0.01830231210740348,-71.6178235002,-0.509708814605,12.5
690,0.020304266553299637,-73.9815606455,-0.563471298365,8.333333333333334
691,0.03015034048270857,-57.9922464657,-0.371655468049,16.666666666666668
692,0.025908366531808637,-56.2266660904,-0.352804301352,8.333333333333334
693,0.025067939762052023,-59.7314436753,-0.397528544128,8.333333333333334
694,0.027163024824164193,-54.4171136591,-0.378281364545,8.333333333333334
695,0.023181278828406635,-86.8731005706,-0.701772230681,8.333333333333334
696,0.0341796543328359,-80.735163401,-0.612134840771,0.0
697,0.02867237693183527,-57.1679766208,-0.356587497696,16.666666666666668
698,0.026935826794276176,-77.5234411979,-0.537074026245,8.333333333333334
699,0.02117425291127698,-67.6538988549,-0.468994050159,16.666666666666668
700,0.03488717455252034,-81.2781034737,-0.571333951355,8.333333333333334
701,0.03467768974687142,-71.0069958546,-0.473778144069,0.0
702,0.024566688873297896,-79.5467517038,-0.547164771095,4.166666666666667
703,0.021533679320482217,-83.270846793,-0.615795157037,0.0
704,0.01593803591336258,-68.4917758625,-0.491050139562,8.333333333333334
705,0.021420731485084873,-58.4202240261,-0.3635698422,4.166666666666667
706,0.02985733094344127,-57.3345285622,-0.366901578571,8.333333333333334
707,0.018249468027180436,-61.1585136726,-0.427878445528,4.166666666666667
708,0.013524202641132573,-75.8786556151,-0.551119468406,4.166666666666667
709,0.02623122836833168,-53.0799080112,-0.341345532232,8.333333333333334
710,0.03603617432354392,-65.882352992,-0.405204059235,20.833333333333332
711,0.01624740622746604,-72.3906841632,-0.496156485863,4.166666666666667
712,0.028308646797525008,-59.1804758972,-0.381646320156,4.166666666666667
713,0.03328454512855598,-64.7407403239,-0.462568029549,16.666666666666668
714,0.035007541061562314,-68.7337264396,-0.472720761396,8.333333333333334
715,0.019347484642644006,-67.0653814753,-0.455187182981,0.0
716,0.020221716506462484,-63.3738192957,-0.434222292087,4.166666666666667
717,0.025945176030634665,-72.403338642,-0.469342600887,4.166666666666667
718,0.023832827952122652,-79.6316283639,-0.610349547024,0.0
719,0.04494599853932767,-71.3928806667,-0.482030857948,8.333333333333334
720,0.0334213096612331,-72.6359657778,-0.499291362166,4.166666666666667
721,0.02776637946994782,-66.2519120166,-0.442652606712,8.333333333333334
722,0.030963370368658042,-74.771564312,-0.537019639737,8.333333333333334
723,0.031016999340954497,-63.4187810973,-0.450456902624,4.166666666666667
724,0.026231886266245306,-71.0820727822,-0.488817344828,4.166666666666667
725,0.0379715808719541,-66.315296906,-0.421816558544,12.5
726,0.028678488077251547,-62.2132600551,-0.425811457879,8.333333333333334
727,0.04524320882669539,-71.1919250145,-0.426226361603,8.333333333333334
728,0.0504843441970882,-53.7498125997,-0.322038420012,12.5
729,0.025574842939098907,-70.2620978142,-0.481223153768,8.333333333333334
730,0.02859686619288789,-70.9250213482,-0.484009152398,16.666666666666668
731,0.03451704569696105,-78.5038844016,-0.542593623461,4.166666666666667
732,0.03271078825775169,-72.9671964625,-0.512860318267,16.666666666666668
733,0.041174809829952835,-69.6006938212,-0.460543652967,8.333333333333334
734,0.036828910739097866,-61.6460586187,-0.37889432999,25.0
735,0.04589927681185886,-58.5316161936,-0.374719290571,8.333333333333334
736,0.03379192072772642,-61.7991064276,-0.405212219291,4.166666666666667
737,0.024166265798335352,-67.597870475,-0.40832345287,0.0
738,0.01719549006080535,-67.9887259508,-0.472394536334,4.166666666666667
739,0.022617096950190423,-60.7465811136,-0.36520781807,8.333333333333334
740,0.02306191479521651,-58.2540641949,-0.411542594441,16.666666666666668
741,0.0441712257124668,-59.371012542,-0.364526096818,12.5
742,0.03546925428805771,-56.0517599689,-0.33729543457,8.333333333333334
743,0.04014317300070178,-59.5151687931,-0.372635894428,12.5
744,0.031223985709158006,-53.3417054275,-0.359019434768,12.5
745,0.029616291716741527,-52.9194662414,-0.350169396543,16.666666666666668
746,0.02206898357555035,-50.2892283305,-0.304698364823,12.5
747,0.03373690241319229,-46.4903148094,-0.276561920126,20.833333333333332
748,0.04826095873869715,-59.8771828158,-0.366769771939,12.5
749,0.03161363983216672,-72.2263533434,-0.491447823764,8.333333333333334
750,0.03710764530509311,-61.1936076344,-0.394947794134,12.5
751,0.03499388127079937,-64.3654721146,-0.411345003285,12.5
752,0.030132386370292263,-61.1514382589,-0.455866589442,4.166666666666667
753,0.022527102703184598,-65.5286525916,-0.464693974357,8.333333333333334
754,0.033802907338026406,-57.0618627011,-0.410139227374,4.166666666666667
755,0.024439911307948405,-58.9042771188,-0.36202160905,4.166666666666667
756,0.023615027970026445,-72.3461403502,-0.556760129908,4.166666666666667
757,0.04267036674030753,-62.4338656428,-0.442592235891,8.333333333333334
758,0.060436851596078894,-60.1678831925,-0.409614898795,4.166666666666667
759,0.026451152263117707,-68.4767134126,-0.448131574115,16.666666666666668
760,0.0174437030468485,-77.770419526,-0.578656874129,8.333333333333334
761,0.062412469980208725,-84.7690056476,-0.630077179968,0.0
762,0.05918594151263001,-78.0256788767,-0.555476255796,4.166666666666667
763,0.0267321319310226,-65.4403025874,-0.46030967596,8.333333333333334
764,0.020262179926787877,-68.525775832,-0.441006441388,8.333333333333334
765,0.024511322885064746,-63.6232215026,-0.458308914296,0.0
766,0.04157242586254982,-73.8470640846,-0.523510781336,0.0
767,0.03405379822993233,-54.166808723,-0.362211908278,12.5
768,0.04033159123997682,-57.2117065646,-0.36999195034,25.0
769,0.03904684272483571,-77.3455887571,-0.574314183568,8.333333333333334
770,0.0323022378443216,-70.8620866254,-0.51212317415,8.333333333333334
771,0.03699527126265322,-94.8822321563,-0.716343760778,0.0
772,0.039705272987144685,-83.786219092,-0.588887035884,0.0
773,0.022682865038803863,-85.9753448088,-0.621488188993,8.333333333333334
774,0.03487145587417143,-79.3632615131,-0.493426181067,8.333333333333334
775,0.03339455100973513,-73.1459734854,-0.455019572802,8.333333333333334
776,0.032522340521887134,-71.0435347811,-0.495674541088,4.166666666666667
777,0.026210456740497136,-71.0963690665,-0.436638233303,4.166666666666667
778,0.02025362453681019,-76.3246301126,-0.486754565392,4.166666666666667
779,0.026877333534859882,-66.3691712275,-0.47363556318,0.0
780,0.044637468698187535,-72.4620596981,-0.482110230684,12.5
781,0.03562313839181539,-68.7586893895,-0.454602165452,16.666666666666668
782,0.020452832285326236,-83.5439839223,-0.598981688069,4.166666666666667
783,0.02976952284292731,-67.0665743014,-0.429281593335,8.333333333333334
784,0.034806082996531575,-70.4018296403,-0.499675280845,4.166666666666667
785,0.0443448953067096,-69.1917236213,-0.461125549413,8.333333333333334
786,0.03571889329505962,-75.639081809,-0.485981609447,4.166666666666667
787,0.02749580281599447,-70.2760126404,-0.435622755367,8.333333333333334
788,0.02305522210943953,-62.4216426796,-0.38892804662,8.333333333333334
789,0.016458378636597683,-82.5367067221,-0.646740188336,0.0
790,0.04674466414118926,-59.2611125104,-0.374790772564,8.333333333333334
791,0.04174428004499261,-55.4153183848,-0.384029043462,0.0
792,0.03444507328331703,-65.6487751917,-0.4496815017,0.0
793,0.02274926040492677,-78.0588600679,-0.51089000351,8.333333333333334
794,0.029879541787666088,-67.087359962,-0.413525453949,16.666666666666668
795,0.03861775245028576,-62.7500547985,-0.401683490583,8.333333333333334
796,0.04918410230661526,-66.7174220373,-0.384902470819,8.333333333333334
797,0.03792924422910086,-56.967654225,-0.373785518969,4.166666666666667
798,0.022007952231674472,-59.4592658542,-0.35998333216,0.0
799,0.018585341533652516,-66.6325671395,-0.489818125795,4.166666666666667
800,0.029005583752176208,-64.5402428763,-0.424407902162,4.166666666666667
801,0.029390829125829895,-77.3223749056,-0.51551915326,4.166666666666667
802,0.04878572098987304,-66.8510237753,-0.46678672392,4.166666666666667
803,0.04773541022437089,-54.7224279301,-0.344476959713,4.166666666666667
804,0.025736337174451476,-63.3931209257,-0.417757810003,4.166666666666667
805,0.022883373448905932,-66.3300828268,-0.44608518726,8.333333333333334
806,0.043628453512022075,-65.7917370155,-0.429702580496,8.333333333333334
807,0.032554731825469245,-68.8326390244,-0.405957101636,8.333333333333334
808,0.03161040434100824,-64.7575028428,-0.440833531054,8.333333333333334
809,0.06063754944384738,-75.9913534666,-0.528411417712,0.0
810,0.021153246394179988,-65.8187546411,-0.40153938301,0.0
811,0.02570635027020452,-47.4796708323,-0.267340951159,8.333333333333334
812,0.028076309391746056,-62.9945278916,-0.43018905142,12.5
813,0.04285601116052493,-54.2978754789,-0.35051367353,8.333333333333334
814,0.03208537396309327,-54.4886237867,-0.325773437043,4.166666666666667
815,0.022094865440024147,-69.2908948991,-0.494580762162,0.0
816,0.031403761312445676,-72.6545466263,-0.507305107653,4.166666666666667
817,0.031276898060403735,-63.2966709097,-0.407417183275,12.5
818,0.03140317237766874,-68.8327295278,-0.516363371239,8.333333333333334
819,0.019259605229626983,-79.119754201,-0.574043440601,0.0
820,0.0424334407638125,-55.050117964,-0.378257504239,20.833333333333332
821,0.03555032247141241,-56.5061652711,-0.366912491508,8.333333333333334
822,0.04289703258991493,-69.6758049935,-0.432195967098,4.166666666666667
823,0.039294250043108804,-56.910517643,-0.380210597575,0.0
824,0.023716525733972094,-61.8291052505,-0.392359026619,4.166666666666667
825,0.01651967920143701,-62.1022042039,-0.406022519044,4.166666666666667
826,0.03288801713626929,-51.3936679788,-0.307863453993,29.166666666666668
827,0.05800684625998802,-62.8057541587,-0.405239096427,8.333333333333334
828,0.046177383399644424,-73.9815837802,-0.517645657029,8.333333333333334
829,0.03176664134321816,-68.7222712222,-0.479760943466,8.333333333333334
830,0.02495791458756337,-62.7952872863,-0.39084317437,0.0
831,0.049324460954641956,-65.3348647024,-0.437145972003,12.5
832,0.03556802734305309,-58.7690275929,-0.391466696611,4.166666666666667
833,0.019062664074896592,-71.4526715121,-0.470696883126,0.0
834,0.028064150621685453,-65.1919533277,-0.484225935018,8.333333333333334
835,0.02819520322159711,-67.148021712,-0.397410447183,12.5
836,0.05436690909670785,-45.7914337639,-0.272070714419,8.333333333333334
837,0.03759187542703155,-62.8754417871,-0.389082994768,4.166666666666667
838,0.026691836198536396,-65.980882672,-0.42249845405,4.166666666666667
839,0.02621266449089484,-66.5516005803,-0.455558592349,8.333333333333334
840,0.029110605648205626,-67.5396664522,-0.428425188293,4.166666666666667
841,0.021569057453077668,-80.5265433498,-0.583833853792,0.0
842,0.0611630619194066,-68.5508589965,-0.445188191613,8.333333333333334
843,0.01783378372547302,-73.4622137696,-0.503208856673,4.166666666666667
844,0.025936443878017575,-52.7644784064,-0.317881246724,16.666666666666668
845,0.022595302804875667,-69.4479015911,-0.488388427132,12.5
846,0.043077045264412674,-49.4243323793,-0.310196589536,8.333333333333334
847,0.03632188205613359,-67.7070420797,-0.399597934487,8.333333333333334
848,0.018563803585449325,-59.9344793452,-0.405618101048,8.333333333333334
849,0.040001964283358594,-56.7188921943,-0.407903795779,12.5
850,0.016660731069952854,-76.7916391167,-0.547279927002,0.0
851,0.033580810832144,-58.4364031837,-0.416778574757,0.0
852,0.020343114072981408,-68.2689417816,-0.47631462919,8.333333333333334
853,0.038397907663425816,-58.8222090763,-0.401594902734,12.5
854,0.032385993100791974,-55.0338282257,-0.391730550417,4.166666666666667
855,0.019957726751129917,-64.7973879022,-0.44270732364,16.666666666666668
856,0.027067164580766363,-66.1050187536,-0.431315648663,12.5
857,0.02197872568111353,-66.924710945,-0.495346065767,12.5
858,0.03559411654260023,-69.4401920916,-0.490752659064,0.0
859,0.04271382490537794,-60.5915487689,-0.419504377253,8.333333333333334
860,0.021855692250998558,-77.5685704378,-0.489517073974,4.166666666666667
861,0.01325968658580177,-72.3110873031,-0.480981885212,0.0
862,0.01832590151684388,-60.9897846993,-0.357385447746,8.333333333333334
863,0.03382373100644456,-67.0840840834,-0.387447953184,16.666666666666668
864,0.029514648963596884,-60.6747974615,-0.361290456786,8.333333333333334
865,0.0223298523174515,-68.8705860918,-0.449972832207,12.5
866,0.03841549359236136,-61.6271703096,-0.390826091064,4.166666666666667
867,0.02391097721622157,-60.8277211352,-0.396429125282,12.5
868,0.010042476242001313,-68.2584267122,-0.440585542175,4.166666666666667
869,0.021363981810149094,-59.9713885638,-0.403911987287,8.333333333333334
870,0.03605702296558621,-55.1970615989,-0.380857309879,4.166666666666667
871,0.03323424789914301,-59.5834705362,-0.355394489606,8.333333333333334
872,0.016709977104051556,-64.1677683696,-0.378296759478,4.166666666666667
873,0.022061772698565907,-54.5551824909,-0.361802716594,8.333333333333334
874,0.01749756941456296,-63.9479107218,-0.363753378179,4.166666666666667
875,0.018371046381251675,-61.1215293895,-0.43636615251,0.0
876,0.027978482950238595,-45.6853548942,-0.29053534218,20.833333333333332
877,0.017431868335048662,-59.9686010434,-0.35362420945,12.5
878,0.030228274993357136,-60.737734433,-0.389423108362,16.666666666666668
879,0.024211060999463612,-52.4968902408,-0.323094002651,20.833333333333332
880,0.07607325198131726,-67.0210698027,-0.395884777625,16.666666666666668
