0,-102.197746763,0.6931313117077758
1,-102.397895918,0.6692014828337817
2,-101.36106388,0.6461517283164671
3,-102.893886717,0.6249061488265429
4,-100.627174615,0.6021188216923281
5,-100.150328272,0.5774139674420251
6,-100.349674611,0.5555925438437332
7,-98.8767703011,0.5357604040406856
8,-99.5085033233,0.4959030960950425
9,-98.9926378075,0.46412016328851413
10,-99.6565484407,0.4354459783619462
11,-95.9776850741,0.41664470310724894
12,-97.41210163,0.3977080441978193
13,-87.0893318542,0.43421373735382784
14,-86.2977389919,0.43209513999522553
15,-73.3685895847,0.502334765362645
16,-74.1045630067,0.553393568441799
17,-66.7804257813,0.602965797045958
18,-70.4725308733,0.5977527623413557
19,-71.3917430934,0.6730830349348546
20,-64.0511065906,0.720315522646371
21,-64.8622563779,0.7317688032269871
22,-63.0711944105,0.7436722228126016
23,-59.335617255,0.761458376219598
24,-62.0697189411,0.7490166802203523
25,-61.2563544896,0.7454714442585799
26,-57.895768366,0.721503952158358
27,-58.7786582886,0.7462420617421545
28,-60.5851069841,0.7248759610815012
29,-56.2369543102,0.7081537741295364
30,-59.8659772356,0.6646156046835467
31,-53.9475293919,0.6936131282134828
32,-64.5432343486,0.6433127035768275
33,-66.0898538712,0.6035810947564147
34,-65.925602455,0.6109896552914105
35,-62.6199144119,0.5882081286875851
36,-59.6423724291,0.6130151641643613
37,-65.8308246457,0.5488245804709057
38,-63.0402390398,0.5976048236983851
39,-58.3029806475,0.7191829461834934
40,-58.145255498,0.7342446795569613
41,-65.2779621404,0.7297085163809042
42,-63.4335752962,0.7679624042139457
43,-68.6777667876,0.7241784928651234
44,-62.9321260062,0.8330184346867844
45,-63.7247705199,0.8441285059712781
46,-67.5459257387,0.7660704282364357
47,-59.0056984464,0.9553154149629551
48,-64.4885273066,1.034633445001074
49,-65.3807716758,0.9750515946893518
50,-65.4892234299,0.9586549645079374
51,-62.9718804128,0.9217732157934223
52,-62.9231437414,0.7783736897917553
53,-57.7042733682,0.6789439003843029
54,-62.5306372783,0.6519097505545305
55,-60.4038026246,0.5567294254797434
56,-62.6573910035,0.5160700311889144
57,-65.0773004743,0.46496893962800295
58,-60.8536104914,0.3845831739173542
59,-61.4248690028,0.3647990005936474
60,-63.8701896184,0.440674964271087
61,-63.9996678646,0.3436148609899406
62,-62.9542645692,0.31986948250683317
63,-65.391299651,0.37088367102236997
64,-57.4032122042,0.3725660288182887
65,-59.2430857122,0.3236665900543319
66,-55.657566523,0.31980228944156563
67,-61.6238348577,0.28295180533092457
68,-57.1686842356,0.34993711834136776
69,-59.6514432984,0.3792836234880924
70,-61.6971491849,0.22431917525643874
71,-55.7983774785,0.2946148263093927
72,-62.3964210194,0.29087232402555985
73,-59.5960522151,0.2832958388642327
74,-55.3192235335,0.41836308166726166
75,-50.5683712111,0.5045323228795187
76,-50.9966654999,0.6698732903101081
77,-48.7265954901,0.5827499579899444
78,-47.0824741019,0.7976879363705737
79,-57.8958650884,0.6049660645054936
80,-58.1955341058,0.4570037295667808
81,-63.429859619,0.4282246703347507
82,-59.7124239359,0.46055553380405595
83,-59.392977037,0.6037188478820609
84,-56.4242496688,0.6957145311979024
85,-56.5245231539,0.6010450964969418
86,-56.9323207575,0.6244076587906671
87,-58.8411229444,0.567685957546212
88,-55.3290046884,0.9023446397493251
89,-57.691545458,1.0895726964387868
90,-56.7338922812,0.8225843992209226
91,-58.6488138244,0.8857114640694143
92,-58.7263145264,0.9129712477557383
93,-56.7244193476,0.7652218594330397
94,-57.2212833521,0.8339411685732577
95,-47.8716018556,0.738692105655919
96,-61.0828653189,0.6973232742862566
97,-57.1107215762,0.530781379378973
98,-56.4687600079,0.48484075125484105
99,-64.4618935806,0.42644806963389864
100,-61.4601255396,0.5097999452469258
101,-61.508032633,0.5985103206537312
102,-68.2443404915,0.5451818965936991
103,-65.250851735,0.5322438346761237
104,-73.2889664206,0.6108781674740763
105,-69.3646981138,0.6941160044729882
106,-67.3949052337,0.6594009364755257
107,-75.8207816339,0.6947837105442637
108,-72.2342102463,0.7985909375883659
109,-64.3123299949,0.7359698709137823
110,-67.5648416997,0.6140134164060801
111,-67.3353295628,0.75467159835218
112,-63.1126264941,0.6681504204947719
113,-67.4090893228,0.7448574214914254
114,-63.0800626074,0.7139553658690729
115,-68.398390323,0.7483159626912437
116,-73.9568071043,0.6805838938182457
117,-61.9611536884,0.6357795421823564
118,-59.5301013102,0.5893044887837798
119,-63.1723632514,0.5771522303758088
120,-69.8120997011,0.5976502985636625
121,-61.6418738277,0.5511482895319527
122,-57.5910449578,0.46062038726707283
123,-60.251318616,0.4596458946723926
124,-56.4315258103,0.4324405882886324
125,-59.4776174085,0.3793357386785609
126,-63.7206706993,0.36868688628484
127,-59.9836748991,0.4111921564561622
128,-57.1171775971,0.45984740184948975
129,-58.3643943464,0.34501424616128396
130,-60.4123911127,0.3262102991216949
131,-56.6972379531,0.40156903467138744
132,-57.3480464211,0.3549971448892681
133,-58.1887574814,0.3636940925171533
134,-50.7087906623,0.4484451896419434
135,-55.3877870152,0.3453506850726801
136,-52.5476086942,0.32971945518086493
137,-50.5281250135,0.5173352137915151
138,-50.6104465265,0.5544428094698767
139,-48.1077220267,0.44126486701478923
140,-48.5524250933,0.303163466423276
141,-49.7331224404,0.2671306848563307
142,-46.9851794408,0.37570790039799046
143,-44.3457901754,0.4205345306710352
144,-43.5581888781,0.299690115517715
145,-49.613653225,0.31893601174744524
146,-53.4769579945,0.3958172208972132
147,-44.6773395272,0.4300188998246647
148,-44.1777522371,0.47869470278494486
149,-42.2324041704,0.39648562108995417
150,-44.1969309023,0.37815260479732743
151,-41.7876580296,0.4560022192797748
152,-40.0450720979,0.36164489511568193
153,-42.6473647261,0.39190098742625074
154,-43.3726796303,0.2770127220555541
155,-41.8758503236,0.2115943393253758
156,-43.3578110163,0.25643960434045304
157,-43.6139260121,0.2536126242319844
158,-46.1106722066,0.3366048293950093
159,-39.9307828508,0.3051126169627211
160,-48.3454811655,0.315923864985846
161,-41.0354986089,0.2930395809848179
162,-49.6480732579,0.2238547828649728
163,-41.9918008058,0.47141555537281826
164,-47.9914343182,0.33511936069662424
165,-45.2854243264,0.2823042277653858
166,-49.4955062773,0.2994421592376775
167,-50.4554743947,0.3910714092206743
168,-46.3332448398,0.3699503499836546
169,-50.3340099113,0.36317484880729417
170,-45.9483874929,0.546648643342269
171,-46.1697945851,0.5891538923635703
172,-47.0602658896,0.47641166625462306
173,-42.3173831941,0.7123699650410573
174,-55.9566579719,0.4882775855428114
175,-49.1721476033,0.47796208615378416
176,-54.8049952084,0.3015205110909764
177,-46.3344064268,0.5114601637707128
178,-53.8604929482,0.38975397778833343
179,-51.0121598474,0.39574992299010653
180,-57.5371129391,0.3677160608539162
181,-49.716732328,0.3651537075317029
182,-50.038618422,0.3599017946208779
183,-52.9932261318,0.44581604831890626
184,-48.1058675776,0.4400905174422554
185,-53.4454337486,0.5868126997645974
186,-50.5183480863,0.8796806960777398
187,-58.5734066611,0.47748324120295343
188,-50.7540258902,0.6909291642287978
189,-50.9240493259,0.6062029516929781
190,-50.855440864,0.4657937038016368
191,-56.6340161424,0.5900703966173984
192,-49.8587550497,0.43387262980649316
193,-56.0610928633,0.30579602053236415
194,-52.4373988157,0.397281808789971
195,-51.5242275899,0.19582802248668083
196,-52.2384411038,0.21549183138242625
197,-46.3957130008,0.27928350952313274
198,-49.6998174208,0.32132487818449623
199,-54.5499080931,0.2407525494008768
200,-54.1507224146,0.227560889266096
201,-55.0805487711,0.1899279344870846
202,-52.1495379706,0.21235656118087834
203,-52.1984589089,0.22359143301494544
204,-49.5383859399,0.2120267169751671
205,-50.0692815043,0.23426533269514493
206,-51.0263365202,0.3179877477127594
207,-55.0521177382,0.42961509676711346
208,-56.584279733,0.38241365264272337
209,-55.4367437126,0.32435581272408903
210,-53.3168402889,0.27529829575191384
211,-59.2975147612,0.4636249044518042
212,-52.0943201369,0.30856288038879826
213,-55.0198405251,0.2814932028716511
214,-53.1126160058,0.368175005893526
215,-55.6497258536,0.31881123668702277
216,-53.9121810595,0.30221994962410137
217,-57.7223568089,0.3684285673074172
218,-55.7437994272,0.2966398908199597
219,-57.3623285771,0.4198850812164462
220,-59.7718133265,0.4032269441266146
221,-60.5465325023,0.47255385946601147
222,-59.8792018384,0.5642765978068529
223,-60.465279124,0.4557434838684255
224,-65.9991870815,0.512840749423393
225,-54.4792610118,0.5542776837182143
226,-54.628487281,0.4820918943264889
227,-64.8713689748,0.5210139850179398
228,-58.8236913234,0.5355348945397259
229,-56.3718523649,0.5473808551924908
230,-60.2384029918,0.4882426014598956
231,-58.584212868,0.7008705022078728
232,-52.0869064545,0.6124572442151509
233,-53.6041868922,0.49957165232305434
234,-55.5160464657,0.6116094544636769
235,-47.2793458234,0.5801702464495604
236,-55.6932773455,0.5656480721305732
237,-50.97622809,0.4474269661984554
238,-51.8657670046,0.5909277962230719
239,-43.5810468967,0.42461168774360764
240,-46.3891076861,0.21990970310448954
241,-54.448178023,0.4461999549687003
242,-53.3283436089,0.25862291196027665
243,-51.0281745102,0.37252504797371416
244,-56.7396539097,0.3459736127059262
245,-55.4155170411,0.38377447440006873
246,-53.6330228554,0.3235927324961195
247,-60.0774302585,0.29649272362624857
248,-54.6566149303,0.5308712888542845
249,-55.4407804199,0.5067408238136311
250,-56.1457317065,0.3234836372399249
251,-53.2358970674,0.3098370505961375
252,-55.685732682,0.34679459153540454
253,-51.6200886463,0.2902056381360767
254,-45.7243521949,0.4680441672088018
255,-55.8268928816,0.3224367270547262
256,-53.4163407369,0.32681325093673075
257,-48.9744551485,0.3412249560451439
258,-45.9413555839,0.36023882503939486
259,-46.4144446779,0.3660062944335593
260,-49.0467511302,0.3546511154003276
261,-48.0084994838,0.5328354892311622
262,-47.8501283309,0.3157910385035538
263,-54.5066077094,0.37201356059358776
264,-49.4895892275,0.45722637007621814
265,-55.4089707142,0.36016930088273325
266,-52.7734524237,0.35483069448091004
267,-59.3049766559,0.46045738774913864
268,-54.177669514,0.4435676720154829
269,-60.8146046885,0.4298693084789713
270,-59.1836846331,0.39934506644166573
271,-55.3745701591,0.5276801650700437
272,-60.8355166675,0.40583275523134393
273,-62.6145792541,0.37170727436001794
274,-60.2530657474,0.46569166496228126
275,-57.3531016945,0.36963114259222224
276,-64.1416667633,0.2898386666006301
277,-55.6085704765,0.30204888795806945
278,-56.5479573994,0.3012736732891825
279,-63.5632458353,0.2816160976567814
280,-57.516413342,0.1381234019131202
281,-54.3865771874,0.2156339639954779
282,-58.3961640777,0.21794948569137518
283,-50.4244974994,0.2740601686616568
284,-53.140316234,0.19267431019110115
285,-52.4599700461,0.1444824262537579
286,-57.2078545506,0.2955980358731976
287,-51.3695987443,0.2494342410129644
288,-46.8883304812,0.2628696278030632
289,-52.2775217446,0.28126582593501787
290,-50.8893005149,0.3177182437794555
291,-46.6598848666,0.35633900484489833
292,-43.3054517423,0.21470243854676765
293,-45.7837515956,0.2727816301459246
294,-41.0767219488,0.2987358630382424
295,-48.4651598386,0.35570652553715865
296,-44.0832913723,0.3185767312871274
297,-44.7011987324,0.2852842998219504
298,-41.8516320786,0.2632066450085574
299,-44.8767083813,0.3719469051381084
300,-49.6303727082,0.2650242657332136
301,-45.8804222036,0.301405085466615
302,-39.7081702167,0.22518989430497888
303,-45.4825503632,0.2532498739008462
304,-47.5599836186,0.19419469314008508
305,-46.7846240086,0.15671196740263038
306,-45.0283422464,0.13710246896449244
307,-46.2136011763,0.14021879746791038
308,-35.8306802384,0.15735787343404833
309,-50.0881563738,0.15052654641654117
310,-44.2114327567,0.10748075164859408
311,-45.404894632,0.14924640717340348
312,-37.8197095459,0.14150903597113465
313,-44.1570522459,0.1740301197258437
314,-34.8909136853,0.19084420657104822
315,-41.7217321322,0.2453069763585032
316,-39.1007302688,0.08922858514181572
317,-36.14958274,0.31766959209239387
318,-39.1201332636,0.24262268489204458
319,-36.6370003783,0.2914248471519921
320,-40.3259180469,0.2490217267183953
321,-36.7617970971,0.16733330221381676
322,-39.9338105352,0.2353545574468043
323,-38.1736067465,0.2298535292594556
324,-38.7332741232,0.28938657021895464
325,-38.3703048104,0.26896799153275003
326,-36.4592504308,0.2621778397708968
327,-38.7726963783,0.260099097070831
328,-42.275337162,0.34019470090613785
329,-37.0828452954,0.2225430480472211
330,-37.5085048301,0.28758641008045105
331,-39.7981054074,0.2991140577736495
332,-42.2832582128,0.28527460293303647
333,-36.4578370853,0.2584553080952049
334,-33.4937245999,0.278796655923354
335,-39.0942255067,0.22597128447800163
336,-39.0962487975,0.20078308430350347
337,-39.2967166565,0.16419853287543856
338,-39.7210869225,0.20963155854574583
339,-41.6845152756,0.1773625405860851
340,-41.0499202701,0.21695996267820367
341,-39.5604051836,0.14382909810127162
342,-41.4939716234,0.14611763106960776
343,-39.3644481784,0.18738970115965917
344,-37.4811750077,0.2317035891516231
345,-43.5026650868,0.12121965005188873
346,-43.2505887993,0.12388208883643247
347,-44.3173091292,0.14391674486924635
348,-50.4619405752,0.12171112094231654
349,-51.8594054707,0.12682667418788135
350,-45.4366785222,0.13454166471450696
351,-43.7619311,0.1477869860458834
352,-43.4983541837,0.09725159228413241
353,-43.1049149059,0.15514915873423107
354,-41.4458300474,0.154419344141283
355,-43.3982777425,0.1470310018230074
356,-41.9397000567,0.14347439736064727
357,-39.5249387833,0.11216715407755108
358,-39.1421863297,0.15412662705476443
359,-37.6526889653,0.14794772754758723
360,-42.839704616,0.15078992225409804
361,-36.5517567453,0.13165581763822498
362,-41.7618041912,0.13080835580858047
363,-38.8237912576,0.15821978733693015
364,-36.8966978714,0.13992010412045922
365,-36.7160974831,0.19987585829853863
366,-37.7865852179,0.1621051679164384
367,-38.9083373822,0.18558362418870075
368,-37.270990678,0.1708698610370399
369,-39.1473938644,0.22873794107895223
370,-38.5209235963,0.209607971444536
371,-36.6163032019,0.1571633201456655
372,-35.8838687573,0.23994751497732097
373,-35.3789313358,0.27277046119544374
374,-34.5043601577,0.19065738088646564
375,-34.9828825028,0.21469518424504333
376,-42.6928728956,0.1652784994098883
377,-36.3900765287,0.30422014130116415
378,-37.9787337866,0.1850473047096032
379,-40.7616953112,0.2142335273111606
380,-33.6896484274,0.20714165307709256
381,-35.4504453685,0.24470374249764376
382,-36.0676349654,0.22449880185954912
383,-34.0326382041,0.25461754201077225
384,-37.3698175079,0.17213058947032245
385,-39.5777424305,0.16697970646893406
386,-33.6789390268,0.23283604597601912
387,-35.713508121,0.16117691253685487
388,-37.4404819493,0.2735337698999513
389,-42.0653584401,0.16467219077722137
390,-40.7723039232,0.1414131215832954
391,-37.3382610678,0.17805947257652746
392,-42.4119599169,0.20760000927987218
393,-37.100629517,0.2377746607113284
394,-42.74550613,0.2024316767067225
395,-35.9412630138,0.2142062233463631
396,-34.5203255419,0.1702348870900891
397,-36.6790340661,0.23851348393868285
398,-36.1145861072,0.16651708707268428
399,-34.5474553665,0.13940296607431635
400,-33.4204779542,0.15687017670614256
401,-30.9978135607,0.1659767842708414
402,-36.6597051709,0.15263929020004263
403,-33.9329368542,0.2012639083827382
404,-36.9041615695,0.20168430963920997
405,-35.3130355579,0.15473048708648657
406,-29.6942450288,0.1926453264109828
407,-31.8983031473,0.17484750990480538
408,-38.4739769026,0.18486036283720372
409,-29.8893066343,0.2104003394388437
410,-36.3653913507,0.16041740111675623
411,-34.3791821012,0.18944261200682735
412,-34.1133527979,0.24647146093554972
413,-33.8229802546,0.1673835531507975
414,-40.4366151872,0.22517226092982712
415,-34.4639962492,0.18028657068408255
416,-38.9168077848,0.15525831163564113
417,-35.02720203,0.3002029003301665
418,-33.1796539265,0.21504280796270414
419,-34.8926246028,0.21471077495972368
420,-39.2901738923,0.15757220958327747
421,-39.1068267987,0.21144927247891895
422,-34.6707871529,0.2547651621529383
423,-36.7064913643,0.1512840473075619
424,-37.748734175,0.16186328624767063
425,-32.4548283154,0.19150208962229917
426,-37.0311855151,0.17396699343862396
427,-36.5480582387,0.14378681705761368
428,-33.6095853665,0.31783014928499603
429,-32.9147787676,0.1447181917599923
430,-35.6297687648,0.1446033242263723
431,-32.6424304085,0.18411848730314315
432,-35.3982236574,0.14491428851414961
433,-32.7599539282,0.19823736600269265
434,-35.4996631183,0.16795240297493272
435,-32.7196669457,0.15135758554390877
436,-38.4316335381,0.12362551929053603
437,-33.0221849779,0.1817113889547364
438,-39.9084798633,0.13415150429850642
439,-33.7016295661,0.12087160247842678
440,-33.9121159299,0.20032574868341557
441,-35.8674666154,0.12119703666759361
442,-39.8698949532,0.11301502705018888
443,-39.295267728,0.17133669464553491
444,-36.6791684581,0.21825693084666656
445,-32.6255519057,0.13050677380250464
446,-36.8849034281,0.16288085280916775
447,-37.3774560094,0.15507588760198787
448,-39.5009253568,0.11400762545962914
449,-38.6862481047,0.10506984219952951
450,-37.40129665,0.20785260225918256
451,-36.6705084094,0.10831412158814281
452,-36.7501704431,0.11456166491941466
453,-38.0843172172,0.13017988362592606
454,-39.6912361267,0.1843096049151897
455,-38.1629307657,0.11814439562237654
456,-33.6144305347,0.16503199242022776
457,-36.9603434859,0.14802034755349452
458,-36.8905460495,0.10875407879259306
459,-33.4167650501,0.16225947042121505
460,-38.9949592372,0.13189556627897286
461,-38.2071961916,0.12602495236095437
462,-40.8952427016,0.12320895740560339
463,-40.4404815584,0.10324149984730259
464,-38.3792239565,0.14530515111338807
465,-40.4538749824,0.09989376468496484
466,-36.6420291579,0.22715170227935527
467,-33.6846392752,0.18935002528358968
468,-37.2836269297,0.12834563284867292
469,-39.1044292709,0.09948703384816648
470,-36.5395600438,0.12070026172904848
471,-37.6936462304,0.19016574648826895
472,-39.0000155177,0.16965957429980405
473,-34.9460814781,0.09321927890561763
474,-37.7854075697,0.1104762964861024
475,-34.5472768264,0.130597955194444
476,-36.0709377588,0.172538602112222
477,-36.3675583946,0.15023395495590397
478,-38.8355508059,0.12956808552233232
479,-40.4946053862,0.16636773226226803
480,-38.1072287219,0.14039152445921402
481,-37.2480335441,0.127295835901608
482,-33.9469521866,0.12677462931936193
483,-38.7316057648,0.12701173717410524
484,-35.2171831722,0.14268985171376353
485,-30.9866149917,0.15432676190758005
486,-33.0625936733,0.09357000779422922
487,-35.8557446456,0.09736347124109841
488,-31.931261569,0.13775503288580532
489,-33.6388045248,0.09983209607191734
490,-30.8342503529,0.1233260592869494
491,-38.8632770726,0.14672584512882778
492,-37.4172117334,0.06041836246008699
493,-41.4064390902,0.10818437269121671
494,-33.4616057937,0.1497988110878375
495,-35.5365341986,0.14958791972954924
496,-35.0102106055,0.09070691055497145
497,-34.6937748385,0.1933252039323587
498,-35.5268063212,0.11922900733103518
499,-34.5741598964,0.10632139645084521
500,-33.3253439446,0.08722896464535257
501,-38.897437607,0.19212762169495895
502,-33.9297904065,0.15053571761565265
503,-33.7642413527,0.13063450363126003
504,-35.1962910367,0.06598460130824343
505,-38.6944263309,0.16062900944457442
506,-32.4123251189,0.12026019857542725
507,-32.6360939655,0.17558114702640892
508,-39.8462923761,0.11028366835313302
509,-36.7161545311,0.10403498625511376
510,-31.87671569,0.11805128466959962
511,-36.9139733319,0.12424015377829783
512,-38.0284070591,0.10929983202303419
513,-35.149863527,0.08711028462878509
514,-36.5412072233,0.11544233178767277
515,-34.651414395,0.09338117250528997
516,-42.6664557643,0.09263392270560107
517,-36.8221786459,0.10773776410845122
518,-39.1546333712,0.10233518634714593
519,-38.6804278446,0.14784869977839868
520,-36.2553898705,0.17065528591780224
521,-33.171229206,0.08937398207884792
522,-37.5955087739,0.0795493470991166
523,-39.4553804568,0.09702688431890039
524,-38.3482903121,0.09915027355872852
525,-35.340061355,0.17681644138537198
526,-42.6695737291,0.15656316141064874
527,-37.105156725,0.11239473457884012
528,-44.6936566919,0.12241479330751921
529,-43.7910346017,0.08662737866427879
530,-42.5450936851,0.20220909552025632
531,-36.095784219,0.09873977697149364
532,-35.6944803876,0.07112839767441259
533,-45.199754509,0.09940894309743636
534,-38.786798118,0.14297954722506584
535,-40.3865965536,0.1167458132097995
536,-42.8997151199,0.1018872317095606
537,-47.68240695,0.12420644556756123
538,-37.801450375,0.09116832616714231
539,-38.5047815984,0.12695682282945114
540,-38.9653342304,0.08897254951050242
541,-43.0540420881,0.09638652192353857
542,-37.7033422124,0.12437744855818145
543,-41.8715892443,0.11688594214412913
544,-42.576931382,0.11240537089872565
545,-43.2156926218,0.09622778916051634
546,-44.6745991467,0.07574949637552544
547,-44.7532476378,0.14604385852276053
548,-34.9083548631,0.14835441968446333
549,-35.4151426734,0.10296125807670334
550,-39.6273295035,0.07835511341896993
551,-39.9018051846,0.18813397034373458
552,-34.3434394362,0.11589503132738144
553,-38.3504947665,0.09788019175174846
554,-35.0700643776,0.10243175815837084
555,-36.6651173821,0.06758844437870422
556,-34.7353874183,0.1452059290956751
557,-36.3035965514,0.11108275320337138
558,-34.9230858711,0.11476249378165515
559,-38.8382190609,0.11500585568570541
560,-30.7112931541,0.15742708276164813
561,-35.4190113768,0.09393702846522652
562,-32.3613103227,0.09927926690280593
563,-34.4655159718,0.12998539462238623
564,-33.7531480958,0.08991527544139469
565,-40.1475926667,0.10803529002890684
566,-35.7372073399,0.13723750725302936
567,-36.2706755911,0.11206466273268353
568,-37.6947796159,0.07296518240336632
569,-35.0846006555,0.1284022963030372
570,-32.5159599357,0.11127981983305008
571,-33.7710341596,0.10634294345652884
572,-36.9683378835,0.11106125061424002
573,-33.2333215929,0.10202988974892313
574,-35.1298461202,0.11831635032735431
575,-35.6155510535,0.11417829691010198
576,-38.2742814706,0.09960286009058957
577,-37.4654281019,0.09011557900515058
578,-32.7197052999,0.11774388628126711
579,-33.4637850388,0.1370176155764189
580,-33.2479322379,0.07194482469544969
581,-41.4431997528,0.08222926198111735
582,-33.2636576739,0.10980901619942865
583,-36.4240545194,0.12205892156569421
584,-33.9313648238,0.09967341919067771
585,-37.1855994545,0.09621373251336865
586,-35.5608373697,0.08624295921384985
587,-33.3081815384,0.08244163638776328
588,-35.57273373,0.09152926874409478
589,-35.0276428242,0.158884791491143
590,-31.4518094848,0.0902332591660655
591,-37.2368467281,0.0934159078647295
592,-36.7611131708,0.11342178150932862
593,-37.93821636,0.12743251057096364
594,-32.2905689833,0.07525996976595133
595,-38.7180817897,0.11189373963296248
596,-35.6377230028,0.12668315876701078
597,-35.135972967,0.1187971785097729
598,-33.2237751734,0.08775761780292948
599,-34.8522620889,0.07415526974383825
600,-34.5729386691,0.1058278260005592
601,-35.6208149595,0.14488849060095757
602,-34.2955400905,0.09160599978156596
603,-33.5266965313,0.06764064011578393
604,-34.1930512891,0.08821057342312323
605,-34.3002114785,0.0999612450985255
606,-32.1153131966,0.10462638168376391
607,-31.9993891425,0.07335932340653224
608,-34.7129503694,0.08141462800481276
609,-30.3950051554,0.06428085384251914
610,-34.2145907817,0.06666178845537106
611,-36.7328822252,0.08210720358043347
612,-31.8948157444,0.08785195695026213
613,-37.756817167,0.11906170110871167
614,-34.0302755883,0.07555534087387276
615,-34.7553433929,0.06686303492965967
616,-38.0953362825,0.07310201255852698
617,-33.8233736579,0.09269294665104442
618,-31.069978963,0.07263881987783288
619,-34.1111240564,0.08057485985959562
620,-32.4061661233,0.07555818273593332
621,-37.1665794767,0.08295765829115526
622,-38.6434932082,0.08243843613806592
623,-33.426663871,0.07169882823697096
624,-33.6275306797,0.0926158057848301
625,-35.5242806554,0.09694929202703588
626,-40.6428124335,0.0745843439813089
627,-33.5781643843,0.12572873616848995
628,-37.6757560538,0.08178445456626932
629,-32.1314607295,0.10730072091047221
630,-39.9535568631,0.07621827784095245
631,-38.7177641173,0.0724445930975296
632,-40.1591077299,0.11137382491898802
633,-44.8182510459,0.08685990917874029
634,-44.2331114818,0.07491388190710821
635,-36.4376204887,0.07733746638796626
636,-32.3988828218,0.07680027671489394
637,-35.7801065233,0.061231116139039456
638,-42.9721155978,0.07225749588788485
639,-34.6987250966,0.06581965995872094
640,-37.6508594108,0.09160914288032636
641,-35.7830019972,0.09538228031275009
642,-39.5209461794,0.06852851357941366
643,-39.4433522785,0.07474831864817343
644,-36.6130564957,0.0687695329861168
645,-36.8825781462,0.06552340511693039
646,-35.9653972117,0.08341127185021534
647,-34.7156987468,0.0890108160699963
648,-33.8902580806,0.08103151757675418
649,-40.2686903116,0.05812377370556514
650,-35.1271930407,0.07563331122869332
651,-36.7204380267,0.0856514684900673
652,-33.1868417188,0.08063910499860216
653,-32.8822502242,0.04711016876504985
654,-31.4766556128,0.08924471229174766
655,-37.8702183203,0.0785012671628187
656,-34.9795786412,0.1240388032850189
657,-39.922513482,0.05874191847241463
658,-34.5706664289,0.07384348114999552
659,-34.8392162013,0.10247127422266923
660,-35.5616759059,0.08411522634905197
661,-32.0074059446,0.08940174103774055
662,-30.9067616573,0.04425293552228125
663,-31.6036241351,0.09511112236876616
664,-34.940560467,0.07071870827161783
665,-34.8761852097,0.07962017231660909
666,-34.2815281392,0.07534079822255943
667,-36.4863865629,0.06347471408433389
668,-33.2226908199,0.060766407473230435
669,-32.7495168054,0.10245832671154587
670,-39.7419606289,0.05830101779532002
671,-34.4707067425,0.06605697152937087
672,-33.827122197,0.09761323530790383
673,-31.5008637991,0.08590142945725915
674,-32.9554344286,0.06436485501197987
675,-32.4023082569,0.06411046052223288
676,-31.4709677834,0.0806210249337253
677,-32.7365456455,0.06843294401969945
678,-37.9753063103,0.066215627557027
679,-36.9191999428,0.06431707402333112
680,-34.7608451435,0.06959543583513188
681,-27.970952102,0.12159393847717895
682,-33.3508459267,0.05177157503274782
683,-34.0690771807,0.05806935993798301
684,-32.0030649099,0.05311803605458612
685,-31.4527117562,0.06388886505861785
686,-30.3571327149,0.06862944088641068
687,-33.4028253678,0.06271354609109185
688,-34.9194417726,0.056901009924505766
689,-32.0946094597,0.11387739999962189
690,-31.1224034871,0.09135140743720074
691,-32.8965387126,0.057117396296659614
692,-33.6114749786,0.05909029548847612
693,-34.5798585471,0.07161745183930893
694,-31.8016953144,0.10036996296464253
695,-32.2136988216,0.04843711406454106
696,-29.6814926703,0.05452120057055134
697,-37.7904144492,0.09072923770564274
698,-33.6333022396,0.05724872812873044
699,-33.4226347292,0.04775560820327679
700,-30.3773369971,0.05602026491316637
701,-30.9761229189,0.04365000208731773
702,-29.2087519969,0.09980144960120714
703,-30.2949789934,0.04204501500200278
704,-34.4942338729,0.0762348301125515
705,-32.5854767896,0.06484142485353392
706,-30.9961655864,0.08752877276915146
707,-35.3719025756,0.08078545254400088
708,-34.4961984172,0.060580991048813024
709,-32.4547287988,0.05447695992212657
710,-35.0597728732,0.06548409874965765
711,-33.1240440051,0.07928801423812261
712,-34.952475235,0.06420631108975577
713,-34.8107415869,0.045472552657141056
714,-31.9601460817,0.09466904559201582
715,-28.1580492313,0.06441011765171785
716,-28.0869895614,0.06868466833713481
717,-33.7630560292,0.07461432267452685
718,-32.0165797022,0.0311642405410916
719,-32.0374656527,0.0938588891273678
720,-27.2423298081,0.05348169670468148
721,-36.0152815516,0.0556472146471151
722,-30.9501707638,0.06276329743738822
723,-34.5534783307,0.0766172224662629
724,-31.7985981069,0.05882981150408888
725,-27.4345182371,0.05658170943448975
726,-32.501300875,0.03134288935371532
727,-33.4686737788,0.053078853946416496
728,-26.6846118265,0.0791649713927307
729,-30.7654919817,0.06613804433135242
730,-33.9885211745,0.06235938495735472
731,-31.8184928751,0.09057486909337502
732,-26.3611927887,0.057043194625787136
733,-31.8260891351,0.051865607453875424
734,-28.1950456535,0.05371855253878884
735,-33.6145966167,0.06343305094913372
736,-27.6756946171,0.06463292156192636
737,-31.8339053389,0.05582938317939391
738,-26.7675090135,0.07158528744365078
739,-32.4682045223,0.07519440731360082
740,-32.2445268066,0.04422927858246644
741,-30.3201465668,0.05863712821696474
742,-30.1355707443,0.07687106682506058
743,-31.0271289518,0.05634886492105613
744,-28.3169181293,0.07245117331486571
745,-28.9154195658,0.047376523009746686
746,-29.6356930933,0.07625218026018785
747,-30.1182289307,0.043056157435412766
748,-28.847877752,0.059207728361066685
749,-31.286851892,0.04383155509874317
750,-29.6407759026,0.09518909995497614
751,-29.8677546954,0.057913797328206555
752,-29.7925015859,0.06177598061783542
753,-33.4324834261,0.038678661622304995
754,-29.6636249921,0.07698875878720614
755,-28.8421152777,0.059544836965051286
756,-32.0792018327,0.06346552366389835
757,-28.1201197143,0.057596062634763474
758,-32.3054908715,0.05579657564541368
759,-33.5164492793,0.05385278389344434
760,-33.0942892544,0.04629740016982206
761,-30.8038207187,0.03516696568756811
762,-28.2681969087,0.061855766607630744
763,-30.5686691527,0.04211101728884298
764,-28.6511035784,0.04601355356107019
765,-27.927214059,0.049559843095057385
766,-29.446400272,0.04536037279987392
767,-29.7936429403,0.0441724939963815
768,-31.9725405168,0.058856992305144164
769,-28.9545585011,0.05704050017112079
770,-31.3444980591,0.05394836456679553
771,-33.4470161854,0.036463145528003095
772,-33.0767978264,0.04380841971418985
773,-31.6837616982,0.06216636316429209
774,-29.0711835242,0.048146903906652
775,-30.9076182452,0.05556189930061885
776,-30.1012254277,0.08343511449886185
777,-30.6494429999,0.062301124440927794
778,-31.2444284236,0.050721121383072075
779,-28.8607118962,0.07734573011010919
780,-33.0885350898,0.05736675002061907
781,-35.8295132112,0.04219055522315109
782,-38.8662462561,0.07200211072715121
783,-35.060394672,0.04796743149887843
784,-39.4982431458,0.049580211356269756
785,-31.3626969852,0.045153878728366195
786,-31.9765907048,0.05845879947848277
787,-31.8655526015,0.060919458615907314
788,-26.6493454789,0.06462812078356502
789,-35.2361620976,0.04611296712643606
790,-31.6513173503,0.051317458252564285
791,-28.5213386121,0.061846805991810055
792,-33.9784970911,0.03948669733357532
793,-32.6807700785,0.05861047738038458
794,-33.2996407196,0.03172053127050183
795,-31.7874226621,0.07149067514838255
796,-31.0999111372,0.08195045719360651
797,-33.2600008501,0.04166890394874563
798,-30.6173807315,0.028312998241010457
799,-34.7930017789,0.04561857422277421
800,-34.6162586723,0.053160189165882984
801,-30.5305196825,0.05071989104926309
802,-29.6911225128,0.04087490037398854
803,-32.5019224746,0.030072539730909627
804,-31.097820412,0.0697485295304783
805,-27.5948009413,0.05138629000779851
806,-27.6703594019,0.04560712166190907
807,-28.150491235,0.05895636169540142
808,-33.874527591,0.03913304678142457
809,-31.3856592322,0.06665852116771472
810,-29.0114009927,0.06641093180798242
811,-29.3985507611,0.04165917776094698
812,-31.1704278665,0.0360033644261463
813,-29.7908512212,0.05633803635545556
814,-29.4214011397,0.04203941213669508
815,-35.6208835844,0.037157727469644596
816,-27.9326407641,0.04012506897127769
817,-29.0437909678,0.034512777952508594
818,-30.3399914737,0.03920728401284835
819,-29.0563316279,0.03524118822747423
820,-24.1387419616,0.07016777020539985
821,-31.0425469123,0.03181413348226434
822,-29.0577563584,0.042091649436919835
823,-28.0663274919,0.06642326572490707
824,-25.8013062355,0.03617502945512779
825,-26.447019997,0.03700001114965335
826,-31.8813737507,0.035368253478059386
827,-29.2815111787,0.03911546315529552
828,-28.153805186,0.0699939542867155
829,-27.4122785923,0.04473148050755751
830,-29.1881807641,0.03780934777516764
831,-27.1167190095,0.03626757604866748
832,-29.3380421032,0.049555501965471274
833,-28.3991318588,0.03691175525395529
834,-28.9003972939,0.04128823357556369
835,-24.7605747072,0.0460518632342361
836,-31.3020177996,0.043833364083969054
837,-28.4268954788,0.044028569164660004
838,-29.7252152896,0.04555456463375057
839,-27.3192958343,0.04278395622487123
840,-29.2149956847,0.052184444492804856
841,-31.7353481717,0.0516762020750242
842,-27.7116816625,0.03537755431515073
843,-30.5820796905,0.05188768448120339
844,-29.3922261303,0.041907440755001454
845,-28.8461386497,0.03977896922807709
846,-28.9344110708,0.039196837462518605
847,-26.7323627506,0.04665117458211281
848,-30.0953412112,0.08006939069165146
849,-30.2781054883,0.038745693184325865
850,-27.1649385813,0.053806132247080425
851,-28.6922415041,0.06295640209619967
852,-27.6598684868,0.04668998259133614
853,-31.6333772211,0.04691342562810187
854,-31.2345939777,0.06468983173482871
855,-33.5716209168,0.061190135053614016
856,-26.4546589132,0.04178292598958707
857,-28.827833973,0.07167173161852275
858,-30.5311147705,0.06771365927948325
859,-30.6913375048,0.029367456486674142
860,-26.0007717278,0.036082279545520936
861,-28.7538508554,0.04478867282549733
862,-26.993614094,0.07092249999789098
863,-26.3302814729,0.03140847707028207
864,-29.0681233728,0.035942509672604005
865,-29.0207206083,0.04770825167277841
866,-28.3927077222,0.06299508010329666
867,-28.7506409514,0.03846319312388135
868,-27.1620279676,0.03972435392648198
869,-26.2454055564,0.0450526259870489
870,-27.0694797735,0.054733514137996396
871,-30.6159658462,0.04222444821445568
872,-28.8230753142,0.03666807273197683
873,-27.0673477888,0.04212406441850808
874,-27.9839574463,0.03660721772719276
875,-27.9968443133,0.040263999596286376
876,-26.0171741674,0.060652349515821165
877,-30.1162651471,0.06573389045625479
878,-28.2563506182,0.05122375167758862
879,-27.6393684626,0.03267411669092276
880,-32.8290663605,0.02953689506304118
881,-29.0672293816,0.04618491967197037
882,-27.6513736488,0.05816298827162726
883,-27.036999136,0.035147102569383006
884,-27.2039262544,0.0298193640671284
885,-26.3083375143,0.06333252309230428
886,-28.8820954372,0.037581377057266545
887,-29.6317133938,0.04033070947770158
888,-28.1995247749,0.04483653713623421
889,-28.0027115445,0.058495073393128795
890,-26.6853322629,0.043647291092161894
891,-30.0151179583,0.024435684669876886
892,-26.2977366148,0.03427313996307285
893,-27.8018047688,0.04376638819589885
894,-34.5964667217,0.03553210528218623
895,-35.7276802705,0.045591669650555874
896,-24.3170076511,0.03872598312718899
897,-26.8788456242,0.04359698748559504
898,-28.6287347319,0.028633162339233437
899,-26.7975352181,0.026167303530263298
900,-26.1977075704,0.0410234333230058
901,-26.5311133018,0.03626273625778454
902,-27.3175614506,0.03682109338428869
903,-24.777325939,0.03733396562746207
904,-28.4840728157,0.03925424699938618
905,-24.8521041762,0.042180152305709866
906,-29.342471021,0.047625264292811754
907,-25.8745954271,0.03307062818895479
908,-25.1201285627,0.03118822754368435
909,-25.9400689632,0.038420525774870644
910,-27.1675483884,0.0475333285224275
911,-29.4102576941,0.03365013260368247
912,-28.3897925771,0.03522035830709378
913,-29.0001346813,0.04432261407647628
914,-29.0118656747,0.045592495069413014
915,-28.2458926761,0.032121628311191655
916,-27.2553630751,0.03132767893601838
917,-29.2547301899,0.05500704154474157
918,-28.0535061965,0.031907840889946
919,-28.9074776195,0.026567231414697
920,-27.9086191518,0.02814959426470823
921,-26.6767221878,0.040531378916626865
922,-27.3494535944,0.04794776921598508
923,-30.3517416658,0.04153688876715039
924,-28.8900145505,0.031448331658479906
925,-31.9632345925,0.037390733606238104
926,-27.449088791,0.03996683471435394
927,-29.8318498229,0.03006994772717592
928,-24.5957810348,0.04155087131563635
929,-31.1160075272,0.036546678965904446
930,-28.6693722308,0.03291566753814597
931,-32.0139080888,0.02095917912898787
932,-29.2109881894,0.029948175515283414
933,-26.449586121,0.04906061656641531
934,-29.9301075361,0.04436924443888945
935,-23.1549140535,0.04101444445561909
936,-31.7272611508,0.02681916891161439
937,-31.8744763399,0.03591294933917858
938,-32.0333200706,0.028107307454981537
939,-28.6218068995,0.046209925570051845
940,-25.5631839811,0.05766760546457468
941,-31.7172459294,0.03151878364323899
942,-29.4813090773,0.029094477291342728
943,-27.1848488338,0.03854725288502345
944,-28.5519117372,0.05753030467326853
945,-25.5608057439,0.03485814007022406
946,-28.9080981191,0.02276930891468413
947,-26.7162648676,0.029343117070273952
948,-30.7316067035,0.05812667400043261
949,-25.5795216247,0.05516773991476926
950,-31.5141137014,0.035976197316990206
951,-25.3053539876,0.042882193113864764
952,-34.2546056859,0.040030000941150286
953,-26.1505771701,0.036854245396605964
954,-27.3271856052,0.025117313167660332
955,-29.972626722,0.02825762854932949
956,-31.2151509513,0.038635055750230275
957,-26.8144132693,0.03190293034145216
958,-31.2206545892,0.03179685525621126
959,-27.2083668137,0.040190035030785186
960,-24.8306752034,0.020919749717847165
961,-30.3083375543,0.030306864364014162
962,-28.9247774027,0.05987138601112282
963,-30.9722659834,0.0266218945944521
964,-27.3421477964,0.03016298563315294
965,-29.5975212902,0.027266413845579582
966,-27.1068244683,0.02678581007354254
967,-28.2385214916,0.044781792067172387
968,-28.5435864232,0.0316096050550001
969,-27.7333510795,0.026921160973178506
970,-26.7136412072,0.04617689318869235
971,-24.4721595329,0.031918674183968
972,-28.3844948791,0.03271650320781591
973,-28.1853225181,0.03400158421482657
974,-29.6621733852,0.04038398343902587
975,-30.2950142059,0.034565574966060095
976,-37.7901349276,0.028083990937392077
977,-30.5784912447,0.048855908986659154
978,-29.7454950085,0.022201053392525944
979,-28.0611360742,0.0189458677342747
980,-31.8178990969,0.022595460086720427
981,-25.4623825405,0.07978682554009024
982,-33.7718003134,0.02308876952761829
983,-31.4034301758,0.02463611969575901
984,-25.9270989759,0.04117391452962428
985,-29.8380867672,0.04207293571512956
986,-28.3844902564,0.028466481945245106
987,-28.1322395213,0.024328378318030898
988,-24.9836502508,0.04644167736821619
989,-26.0791270248,0.026600620480136387
990,-31.206014723,0.019053162045734397
991,-26.9558534759,0.03574079591599554
992,-33.9901680175,0.029247438301876656
993,-27.9607729019,0.03413922501068835
994,-27.8410372296,0.036929420291641674
995,-24.7880895589,0.025846562613091092
996,-25.3748229364,0.019222897299156803
997,-26.030941041,0.022291776659221645
998,-24.3281216216,0.03315277889177528
999,-27.9725366469,0.03366535430354662
1000,-26.3241831963,0.03231292956143565
1001,-27.1418924134,0.02648089073771796
1002,-25.911708894,0.02734844761850924
1003,-29.5165578827,0.02526120203911917
1004,-28.5232477761,0.032478481055620886
1005,-27.3336180963,0.02351448576993984
1006,-24.3836793599,0.019512469281471826
1007,-28.352012818,0.04631826314275029
1008,-30.5086265412,0.029852559535176862
1009,-27.2023936017,0.02817987305455445
1010,-28.6693400474,0.03515598308830152
1011,-29.6415553094,0.06306903861983347
1012,-30.3037279818,0.018174904862972498
1013,-28.9771515658,0.022523453770457343
1014,-29.0338500507,0.03535646927998922
1015,-27.1359230988,0.027200009870556322
1016,-28.9006849562,0.03296716678067406
1017,-31.3639217341,0.01668346357444743
1018,-26.7120624933,0.04109001477945919
1019,-30.5087228882,0.034295532295464705
1020,-24.2339289308,0.037188263239868416
1021,-28.5865012757,0.026070777626775222
1022,-28.1833199812,0.06537901229304711
1023,-26.3937809938,0.04165686200074051
1024,-28.9227450436,0.023157666658857722
1025,-31.9715555087,0.021870381365785854
1026,-30.034724627,0.04187411611397992
1027,-27.2370713554,0.04835001855219034
1028,-29.2138680838,0.047524471552416535
1029,-30.0220090763,0.020056909587151492
1030,-25.4954393762,0.02021848984478593
1031,-26.5677306759,0.03674992730792928
1032,-24.0230938796,0.029926705575395948
1033,-27.8731948646,0.04722799483912946
1034,-31.1586333189,0.04634731431671808
1035,-24.6316487056,0.024239478793602366
1036,-26.8708528994,0.01668370001416961
1037,-35.0048418008,0.024868522417865652
1038,-27.1790167216,0.03357850748011721
1039,-28.7280486377,0.03484720976499164
1040,-29.9835221511,0.02758564833001759
1041,-25.767560355,0.01734242101598129
1042,-31.1806791477,0.04766661902591864
1043,-25.9861159971,0.03251515420972847
1044,-28.524977394,0.030974421382817075
1045,-28.1965465908,0.02296818716868202
1046,-29.8473265448,0.033609634105233994
1047,-31.5487450087,0.03353347532923721
1048,-27.9165779297,0.020527459659237954
1049,-28.0557997071,0.02583587269105165
1050,-31.5670594844,0.04008109334176096
1051,-26.412385756,0.03352823221744046
1052,-26.7249459838,0.01948152449175657
1053,-24.2050839049,0.021721194714957034
1054,-28.0734582629,0.026450726186098235
1055,-25.3206132284,0.017903606697430782
1056,-27.1535085413,0.03345723688505577
1057,-31.8082176393,0.030305446727114185
1058,-29.1228060475,0.0328118074955447
1059,-33.0086365643,0.014686451846219
1060,-28.0110621888,0.016160807100906185
1061,-26.727278165,0.025080417175356227
1062,-28.9973543448,0.02029379942959184
1063,-28.6173503216,0.03173573305446184
1064,-29.4421951405,0.028427973200346266
1065,-31.2384687434,0.027429454700059676
1066,-27.6163424495,0.028132839112565682
1067,-29.5161782686,0.023871826490944933
1068,-27.9377152369,0.025661831257555667
1069,-29.604148805,0.029437227317577766
1070,-28.4294493319,0.04034813172354581
1071,-33.2362940965,0.018798315276051292
1072,-26.4658190124,0.02286772470797294
1073,-29.388723287,0.049682736805543214
1074,-25.1132355195,0.026235084232130668
1075,-31.8905824572,0.02419299841242606
1076,-29.5502302758,0.02075503028351418
1077,-29.6708718063,0.030140587261154875
1078,-24.9986817901,0.028515774585916212
1079,-25.3751193477,0.03824257826449981
1080,-29.4448647118,0.028347505767395337
1081,-28.8532348552,0.029367673732682315
1082,-27.7970998168,0.023286139889913356
1083,-29.2474659807,0.030720347227833848
1084,-30.0118963884,0.03256373928683328
1085,-31.7142441976,0.037951111142441804
1086,-26.9058668709,0.027799885104079103
1087,-29.4480669215,0.02653346838115915
1088,-26.8636853696,0.02996359100623981
1089,-30.9734517987,0.030485400672558137
1090,-33.1881649521,0.03214809367859577
1091,-27.3707011169,0.03251793934823301
1092,-30.0253313577,0.03580217893437013
1093,-38.2891278948,0.019541391822709735
1094,-31.7774788162,0.025472493032401115
1095,-29.3103049557,0.057033086600694304
1096,-35.2193423946,0.0419845866309202
1097,-27.9070012653,0.02315083681542895
1098,-32.2557499151,0.01711235062167226
1099,-31.6082673011,0.04518057917520725
1100,-29.6527514502,0.04212599830964847
1101,-31.4900542767,0.022192967576461067
1102,-32.4617842108,0.02108408740710426
1103,-32.0084151419,0.02371160350862058
1104,-28.1432168007,0.0921939211475183
1105,-31.7673912408,0.020953431967846353
1106,-30.4395952226,0.018980125399506602
1107,-30.6351948994,0.021057860060639824
1108,-30.0677704178,0.04092524436571432
1109,-33.5123516248,0.029913881400709788
1110,-33.8916736323,0.028672713852233266
1111,-27.1029476892,0.020313634553244368
1112,-31.8381161983,0.02596682798861756
1113,-30.3752394348,0.03844811628083535
1114,-27.2468539355,0.03766789447873887
1115,-30.4628304994,0.020081872895303395
1116,-33.9163521382,0.02816480350067166
1117,-28.5187596496,0.025136541927859562
1118,-34.8580457379,0.029120725563056553
1119,-27.2455348603,0.029227145862106965
1120,-31.1180911374,0.04644395058685762
1121,-30.3634463728,0.01760139938107148
1122,-30.7593528404,0.01652090344048278
1123,-30.9556544714,0.03139771686664796
1124,-29.3415355097,0.04051672246379609
1125,-27.7655311048,0.03530766726418284
1126,-31.9319331509,0.01618561876075758
1127,-29.5982382834,0.02990437052594158
1128,-31.7747823291,0.025051996940055533
1129,-34.223853859,0.04005473248032575
1130,-31.0627319994,0.01891411641740936
1131,-29.5666266383,0.029797761666918894
1132,-35.216396942,0.016134996185206252
1133,-31.0509628545,0.033536315133578215
1134,-31.7627360684,0.029132139453776455
1135,-31.3219114161,0.01929039899921219
1136,-31.9459897336,0.023383223399851164
1137,-30.0720400744,0.021053663748081004
1138,-33.5272386468,0.03140152838515075
1139,-34.7007720467,0.022537378272051222
1140,-33.0229441362,0.0359331490335889
1141,-34.3749659619,0.02221733397903441
1142,-31.7467345747,0.016266899581928066
1143,-29.8777733691,0.023154783443834672
1144,-35.5650462395,0.03055047387003523
1145,-34.0126012151,0.02490285602783064
1146,-33.2209952205,0.021303769427575194
1147,-32.3356124825,0.02988569375837363
1148,-28.5660999738,0.030727946915252595
1149,-31.2850561685,0.02408362352812528
1150,-35.2667354942,0.0263747270110165
1151,-31.485838128,0.02344828732902287
1152,-33.1230173387,0.018820300609798064
1153,-34.9350443764,0.02748006156280832
1154,-34.0974997231,0.01757155419109065
1155,-35.2736838831,0.017589308480201023
1156,-32.7557251462,0.021578508662790125
1157,-30.3860471392,0.02090151693244351
1158,-30.9612697989,0.022399888570418316
1159,-31.9262741231,0.028303690455781974
1160,-31.7124513922,0.025088073489591956
1161,-34.900548059,0.02304461544786324
1162,-34.6813807401,0.01737416883793061
1163,-34.9534909863,0.03262002219393563
1164,-35.5361616416,0.012493556983953645
1165,-26.7074503845,0.04751907143778423
1166,-33.6866554556,0.022341950306997458
1167,-29.141904066,0.03022061247543389
1168,-33.9053160864,0.023961256550419315
1169,-35.0966779595,0.020375704978300133
1170,-31.2128269708,0.03542340509512257
1171,-33.9133701144,0.02242094874260256
1172,-27.747054967,0.03234518415006246
1173,-31.9962174987,0.02183987834530172
1174,-31.9226277933,0.033569814317660096
1175,-28.4758745863,0.02312513255610372
1176,-31.7013073733,0.020685184353616343
1177,-26.6982177727,0.020302671293248527
1178,-30.6221442162,0.026102137149922867
1179,-35.7862602139,0.02232341974062907
1180,-30.179033178,0.02860968950672044
1181,-32.0171657435,0.01878186804385629
1182,-30.6140211502,0.017683647598820136
1183,-33.4479102669,0.02586010402988403
1184,-31.6821272967,0.01533544882300441
1185,-30.6180915067,0.024855284286565353
1186,-31.1004799054,0.03507540560236728
1187,-32.5468936676,0.03604812971988253
1188,-32.2750181499,0.012304673874858901
1189,-31.0372886604,0.018201679614735903
1190,-31.7340473165,0.040603123881709155
1191,-29.6825228904,0.025668579247794136
1192,-30.4092956549,0.013355886698468787
1193,-31.8179652541,0.02154709290802838
1194,-32.8762270763,0.02236815817849332
1195,-27.923580587,0.027166822684463045
1196,-28.9291867589,0.07052966765597758
1197,-31.3896697951,0.02988700510759472
1198,-28.7906834088,0.021723084237585136
1199,-28.3143205812,0.024967908533385597
1200,-29.5364168859,0.020599328088412677
1201,-31.1724367595,0.035798513272345935
1202,-24.8101758202,0.016918768056864698
1203,-26.4250351825,0.03240560148195995
1204,-29.5345968077,0.047909189962911214
1205,-31.8154696955,0.0317988518693462
1206,-32.6639206498,0.019292493201886165
1207,-31.9437347194,0.01950034275412497
1208,-32.7447516219,0.02252568255302705
1209,-29.9462190342,0.03830969901174458
1210,-33.7441597037,0.02307526270753779
1211,-33.7113241108,0.01640802568104935
1212,-31.6015414184,0.03888820949240201
1213,-31.4631590862,0.02277908191449769
1214,-29.9424671773,0.016992115992121193
1215,-27.5731128165,0.01565986017538513
1216,-30.0648554711,0.02306749339905447
1217,-28.6118073908,0.03246486419697919
1218,-30.2464735818,0.029400988208946387
1219,-29.8167337844,0.03212698591696218
1220,-27.15974857,0.011654743663610731
1221,-28.3098931819,0.0159675633372729
1222,-33.0115967018,0.02698380424061188
1223,-34.5967468284,0.03171810447136742
1224,-30.1213112227,0.02136015928399409
1225,-34.4612406206,0.01732771134710244
1226,-31.4545936414,0.02555425526948574
1227,-34.7299732976,0.023403198685811016
1228,-32.0057258868,0.023631806118343507
1229,-33.0552180657,0.019589451874867235
1230,-33.9033961169,0.01843451754627417
1231,-33.5946662144,0.02040949015832031
1232,-30.5125237415,0.04580654631985667
1233,-27.5652980234,0.024027338218231883
1234,-35.1017452872,0.03556332631184372
1235,-29.979017922,0.015969898118936763
1236,-32.457937804,0.014539897419598987
1237,-33.5759039256,0.023926067742220353
1238,-32.4579326159,0.03144973597515227
1239,-32.1261455999,0.022004997390073704
1240,-31.1389866337,0.018604333183758995
1241,-30.3920986544,0.019265960685336293
1242,-32.7027517252,0.030751659723533633
1243,-31.6339372922,0.013273820366949065
1244,-34.3307798498,0.014809772893752328
1245,-32.1034367955,0.04628309026490309
1246,-31.3202047562,0.02542900364242074
1247,-33.5562167562,0.021769704938895847
1248,-31.3251232441,0.014431219037723876
1249,-35.0826524255,0.022080680106808172
1250,-33.8713219406,0.026401066183025318
1251,-34.218825089,0.02289520684223306
1252,-35.3179331238,0.028472841354087376
1253,-32.2541848968,0.013422084115769893
1254,-35.1752801488,0.018424730713595832
1255,-29.3542493436,0.023166945442377757
1256,-29.6069562061,0.019329392350641655
1257,-36.2000286329,0.02365531743568665
1258,-32.1361559762,0.025507756149746194
1259,-27.6670582698,0.02475161983567474
1260,-33.7411421411,0.022821476748539245
1261,-31.5706662663,0.020670612004307795
1262,-30.8229048684,0.01864381321533408
1263,-32.8634859094,0.013516167008228854
1264,-33.012891886,0.022063299541987512
1265,-30.7331645304,0.021309103001145836
1266,-30.5715422992,0.021015194215737137
1267,-31.7491410615,0.013653671038106038
1268,-29.5425636473,0.013632680343416772
1269,-30.6654732004,0.02085290491258342
1270,-31.463045991,0.025382236434348428
1271,-32.2292719008,0.022835520741399905
1272,-36.4663709532,0.016166279819465907
1273,-31.0798421507,0.01449098533890388
1274,-31.6378889988,0.020505771063174243
1275,-29.6707915988,0.02052153290616071
1276,-34.5691577272,0.01763024110642548
1277,-29.3137587626,0.03533297313593804
1278,-30.1649762802,0.012787056845384772
1279,-28.8117939495,0.01114867886085895
1280,-33.0569493018,0.03233099462560406
1281,-31.5213880128,0.02438379135374337
1282,-29.2578486874,0.013199490165537146
1283,-29.5241689385,0.013827962857008987
1284,-30.0974469891,0.02629567361987576
1285,-29.0720109995,0.016652417847692422
1286,-29.5284711668,0.01858413704214382
1287,-30.3019199267,0.01281298960302288
1288,-29.0385117812,0.022517136501511784
1289,-35.6401950203,0.03518879176739813
1290,-36.8268346023,0.014922922093772535
1291,-34.1787872165,0.011411025913390544
1292,-36.1541585881,0.017821865042592946
1293,-32.8824148945,0.017301873979349482
1294,-36.039006189,0.02363793349701625
1295,-28.4574244918,0.011032680854855394
1296,-34.6295757118,0.01598546716741583
1297,-31.0247984717,0.031181683440685965
1298,-33.6829729655,0.017516395542201628
1299,-33.032908689,0.016358065389141002
1300,-31.0490101533,0.010769579251546129
1301,-36.3945493144,0.024170626646839045
1302,-34.3631936316,0.019449332585015484
1303,-29.5421280802,0.018809448052907737
1304,-31.0870350697,0.012484155434006095
1305,-33.2399944233,0.028643806725786022
1306,-32.3860143043,0.013710947176702657
1307,-33.6086631472,0.012820554090565456
1308,-32.7175291133,0.02498635802807514
1309,-29.5334968699,0.012491485964224107
1310,-33.9613904821,0.01743569252513033
1311,-28.5612326518,0.05224081373911303
1312,-33.3600402641,0.010953771095089356
1313,-29.5800529136,0.020185489744990206
1314,-32.6521666191,0.009975524828530044
1315,-34.7763765044,0.03752200642352568
1316,-32.4225359177,0.026851073884729727
1317,-36.8048001613,0.037740821978687535
1318,-30.2929563423,0.017349480603294894
1319,-36.042820958,0.023875242124600106
1320,-28.6919861478,0.032138350322785676
1321,-37.8813147457,0.01738423273177592
1322,-26.9151855826,0.013480444929219378
1323,-31.6220514656,0.02563699816262137
1324,-27.9482425976,0.01743314760421022
1325,-34.1186743499,0.037125176911948714
1326,-29.2615350502,0.016662176574153743
1327,-33.0122795695,0.011958839303935258
1328,-30.7038681401,0.01335290219695333
1329,-31.6432744431,0.022267937151990002
1330,-28.8002195173,0.013198493342454133
1331,-36.8441134158,0.030145397942297213
1332,-28.6475406046,0.013254349497879027
1333,-33.1065003416,0.01575242801613515
1334,-31.2200831653,0.014549760293275156
1335,-29.8894960879,0.01144828244482846
1336,-35.6220713211,0.019254814219252726
1337,-31.5862330553,0.026361368922079683
1338,-32.6829580694,0.018664422085648294
1339,-37.4258936146,0.016379991734284907
1340,-37.0886607418,0.0193981614722429
1341,-33.8485298975,0.016931724451943762
1342,-30.8778394741,0.017135993876625844
1343,-30.8493857923,0.015120871842088813
1344,-29.6908372009,0.013033363536034483
1345,-32.4910072379,0.013038839090489255
1346,-33.3294415815,0.013416013947196923
1347,-32.4757008751,0.03163128840688826
1348,-34.062205138,0.011357725641056506
1349,-31.1096401983,0.011613545434908518
1350,-33.7520969206,0.015717223764717504
1351,-29.2494963157,0.02058941636496838
1352,-29.3977037216,0.012582224688000127
1353,-28.7419379447,0.014301650338465087
1354,-30.8304680851,0.00942451989274895
1355,-33.808001193,0.029049110976739817
1356,-32.9966504651,0.016057676591256433
1357,-33.5290854603,0.01674469723451882
1358,-29.9651257309,0.010456097242753395
1359,-31.6296298499,0.017966828645937682
1360,-33.7662782528,0.01304522576285345
1361,-30.3181532354,0.013081731478049438
1362,-34.2394699485,0.01874081558543068
1363,-33.6640082632,0.022149384537892763
1364,-31.2322128358,0.011123807261398682
1365,-37.1077508084,0.013394425769050674
1366,-32.0619336411,0.010661458147773573
1367,-33.8884091067,0.029464722356196998
1368,-32.0059870261,0.01676144147276853
1369,-30.9291500026,0.017909187078835553
1370,-35.144203585,0.013697607929734325
1371,-34.0218946349,0.014083656697165393
1372,-40.6417342861,0.02063075339941217
1373,-32.2030860025,0.01986829578292073
1374,-36.5966765592,0.014507198738989242
1375,-32.5400312893,0.020896653229207147
1376,-30.8866149735,0.004917824992921351
1377,-32.9506240394,0.02384431713920899
1378,-34.2343950967,0.01662617984194513
1379,-35.4086937975,0.018566714663560337
1380,-38.2307151712,0.008975898263134144
1381,-35.9045048615,0.026525653174420658
1382,-29.4254875912,0.016533886553472606
1383,-34.8031906308,0.009063262062840572
1384,-38.1787912308,0.011663148388970142
1385,-38.4827018338,0.018788718305031517
1386,-35.8899942788,0.018381471901711716
1387,-33.8584113583,0.015589794804497539
1388,-37.5940300572,0.007883326716847796
1389,-38.6436984856,0.006341581465856508
1390,-37.1642731192,0.026812184708250537
1391,-36.6990660974,0.024016380598805002
1392,-31.9046308725,0.017042771630060266
1393,-32.60305844,0.018377066264668215
1394,-32.1197513239,0.009106789755483386
1395,-32.4091531529,0.012645225263442805
1396,-33.2347123097,0.010309681386408984
1397,-34.6522799223,0.015485763343546032
1398,-32.8347206994,0.026494392704035415
1399,-32.1758952588,0.01743474118882034
1400,-35.1849456415,0.030106228994986155
1401,-32.7971378832,0.010180022854174972
1402,-38.2528552074,0.015003691586240545
1403,-31.2501157537,0.013630229055644847
1404,-33.8562702898,0.019223067990158084
1405,-34.3484453483,0.020389579128902546
1406,-31.0499011204,0.014517942737699421
1407,-34.9790898816,0.017199491448985787
1408,-35.1031620223,0.010680227813801554
1409,-36.2298552279,0.02195510742280388
1410,-36.3425422788,0.013945078148533371
1411,-35.7979843165,0.01665785545530997
1412,-32.7718561518,0.010998445428317483
1413,-35.9495137622,0.00900490598585449
1414,-34.3842660588,0.014760006025095427
1415,-34.4270767361,0.01845142690139546
1416,-37.6809943302,0.009399851519408677
1417,-36.061645159,0.010814590848351964
1418,-33.9136094874,0.015039278295377007
1419,-33.7930821913,0.022884616362341497
1420,-42.9698442523,0.019105769997548705
1421,-34.1040056966,0.012992103387984254
1422,-32.0677243098,0.012469448029012755
1423,-36.4147694231,0.006928706842940537
1424,-35.2885619012,0.012388420023435385
1425,-36.6354910871,0.030740491304577112
1426,-37.8649868379,0.02068105339401324
1427,-37.5630913181,0.007705773101287908
1428,-31.2016943734,0.006187981704916217
1429,-36.145598853,0.010358051015107034
1430,-36.6860064943,0.008966467818015945
1431,-36.0297174752,0.017460627684186793
1432,-36.2846849282,0.009684363031664627
1433,-34.9224024556,0.029524168022241244
1434,-37.0287547771,0.01115302565729762
1435,-36.2111150378,0.012323955461581305
1436,-33.4981406177,0.012238554711606816
1437,-38.944219616,0.01766298239650599
1438,-36.6379053336,0.006791089718007556
1439,-36.1114400584,0.012262979891196062
1440,-36.52966222,0.008632350836941003
1441,-34.9207041268,0.01860091428437649
1442,-35.7299428391,0.015354229436669475
1443,-33.9085066671,0.012036621116106188
1444,-31.8590758592,0.009354001528247734
1445,-32.2863316184,0.009086294309538829
1446,-35.3385255552,0.025998747843669415
1447,-34.3644314195,0.017143005181930432
1448,-37.8441535603,0.011103445338957206
1449,-34.9497613613,0.016834606553557157
1450,-34.0740662933,0.01075520779106708
1451,-33.9352464666,0.014237415815317761
1452,-36.0892484756,0.011869312353358079
1453,-35.2418152262,0.02109748507109615
1454,-30.7243655413,0.0158521610892965
1455,-32.7520899667,0.009233891675519024
1456,-37.4264645956,0.010507140344352729
1457,-35.0940892739,0.01325335824011414
1458,-30.0859677203,0.011023834099415
1459,-37.3152686979,0.029579524612941558
1460,-31.9708289278,0.007558805302586949
1461,-32.7765766432,0.011844027047674949
1462,-35.5772094397,0.02011871859070509
1463,-36.0335564899,0.014822096565945577
1464,-35.5468190468,0.009366544938607058
1465,-35.7667993299,0.01721139277996848
1466,-31.6762012938,0.013573365679309059
1467,-33.4454805063,0.005631382733366121
1468,-30.619977935,0.01129544542637534
1469,-34.3559900774,0.014411112714940059
1470,-35.2400417574,0.0077530919457946676
1471,-35.4305606977,0.00885240940412387
1472,-34.2432730814,0.008026775076134163
1473,-35.6190907155,0.014929906149486631
1474,-34.0206050521,0.015030585566872676
1475,-35.6433724256,0.013796009309351525
1476,-35.6341353316,0.012669368909803958
1477,-36.2720430338,0.01305535327646474
1478,-33.3839506104,0.016328502842086316
1479,-36.8252555372,0.015902351056124767
1480,-37.662953078,0.012174597949531917
1481,-28.9946729592,0.010121912579525064
1482,-34.579345298,0.008991200362085745
1483,-34.9466263268,0.021557001214380304
1484,-37.1883518983,0.0194317020526842
1485,-36.7690967159,0.008446706393666244
1486,-35.8791976835,0.013394671667728493
1487,-37.1632707015,0.007274792963442303
1488,-37.0236759617,0.011117862629515581
1489,-31.3632089566,0.012510489762922147
1490,-36.4379698278,0.010390898881206975
1491,-34.155675732,0.012963411198735102
1492,-38.1375738955,0.010343492212028797
1493,-35.7797069817,0.010496860022784549
1494,-33.0830428536,0.010063744503113996
1495,-34.5243477433,0.009892521870398647
1496,-35.9052642817,0.01553376287407308
1497,-35.656654848,0.008782593564268347
1498,-36.2226819641,0.01794324072041575
1499,-36.806411508,0.011802840957224623
1500,-33.3269835625,0.0064294552525997525
1501,-35.189960065,0.00967105034368009
1502,-33.676948953,0.02883821572534727
1503,-34.2693624994,0.005347346252917547
1504,-36.538335661,0.005732661444781798
1505,-33.5659285668,0.01994002084165931
1506,-34.3851526236,0.035784301108660585
1507,-35.5321280406,0.010413127008586117
1508,-38.1699106224,0.009034614784070078
1509,-33.0090594369,0.015856018193899223
1510,-35.2312323541,0.0064937449493218695
1511,-35.0762530669,0.016447111013076932
1512,-31.8341711664,0.010623377031571785
1513,-41.5482174071,0.006664252585979164
1514,-34.2373069606,0.00920699741862042
1515,-34.7627491325,0.022113965596233066
1516,-35.2174904554,0.009866251762389908
1517,-37.5027653991,0.00923322070145287
1518,-39.0561401801,0.009294350854384303
1519,-39.3492056443,0.016881966531241407
1520,-38.2217795426,0.012609324849693742
1521,-35.8801919986,0.00507604543087001
1522,-35.9992153692,0.005089622680482389
1523,-30.7708766937,0.014715722741886747
1524,-32.8998279502,0.014863019143474133
1525,-35.2482822799,0.01067787367250332
1526,-34.3431159926,0.006916808479461312
1527,-36.9489557901,0.0072457903797343145
1528,-34.7792518513,0.014395142659493662
1529,-34.8015373271,0.011048345237964826
1530,-31.9138381105,0.006578952835881971
1531,-38.0502137507,0.006596681444569733
1532,-44.2005370261,0.011560827018577982
1533,-36.2245469312,0.018709534318727617
1534,-33.0267604293,0.00767708901969804
1535,-38.166160036,0.008416162826149994
1536,-33.8977272035,0.006972974852451015
1537,-32.21626929,0.007939777109485993
1538,-34.7738884778,0.014832770195799427
1539,-31.650042783,0.010461490543332109
1540,-34.3578900008,0.008903679646159771
1541,-33.0981151788,0.006279480165009714
1542,-32.351129507,0.010223336019898404
1543,-37.8219534569,0.009308372822595699
1544,-35.8921076641,0.008957722318091164
1545,-31.6958180059,0.01009755704727924
1546,-35.4373568727,0.010118254444946531
1547,-38.3356137091,0.005493421182802092
1548,-40.0949237124,0.010650943552904652
1549,-34.6999001474,0.009503552014034687
1550,-32.7717500014,0.0069501482725508705
1551,-34.8809775417,0.0040563243159328095
1552,-35.1457604874,0.016799252403026675
1553,-32.7022894334,0.01773898080762196
1554,-37.0914025074,0.004050633638950627
1555,-34.1649194948,0.007585237282050236
1556,-33.9296348475,0.006492072088269962
1557,-33.1075030645,0.02060612333953938
1558,-35.1427088893,0.01010089423758474
1559,-34.8618317505,0.009099204399577935
1560,-34.8482189538,0.008332279929550894
1561,-36.3864445488,0.007566270512743886
1562,-36.4778893419,0.01305311829473828
1563,-34.5884021078,0.020934673132859072
1564,-35.8902519082,0.006953459234428526
1565,-37.218602336,0.01030282204442939
1566,-38.8869041158,0.009685854386492271
1567,-36.7409580325,0.00786301925533257
1568,-34.5571268427,0.0074827271190920815
1569,-36.2215571157,0.016245509261393783
1570,-34.2429368976,0.007871707456180039
1571,-36.3573677886,0.013439053436414833
1572,-32.5333529457,0.01040751987304291
1573,-35.8327925016,0.011711849959842775
1574,-32.7534715961,0.009418310619673043
1575,-37.8762978704,0.009321110428085012
1576,-35.6047391555,0.010040001124043534
1577,-36.6891099614,0.008440002745181623
1578,-35.4879696408,0.005186303896753759
1579,-33.9015747361,0.014133260119939085
1580,-36.1616119572,0.01061031435478314
1581,-34.9932804913,0.01355886430932028
1582,-40.4180409888,0.007518864662973469
1583,-35.9473021748,0.008616190674205484
1584,-36.2532135554,0.008696802848324463
1585,-39.2002390867,0.011545010589581744
1586,-35.6333392218,0.005123136326703039
1587,-36.0079461723,0.008349253804100575
1588,-33.7899129178,0.014542854546166892
1589,-33.916786797,0.007637212065519303
1590,-36.4673281253,0.007119046725648865
1591,-38.9051350149,0.009631087348433398
1592,-34.481213596,0.009122080592218454
1593,-35.9998918773,0.03354539596307927
1594,-36.8877300451,0.009117552182363691
1595,-37.3028726837,0.0054579015139462565
1596,-36.0603531378,0.006457666651855947
1597,-36.5109239563,0.009803455314399882
1598,-33.0569562151,0.013234544812209016
1599,-37.273096866,0.01349312039473638
1600,-35.4964362286,0.010778364366859892
1601,-31.5281314542,0.00645988416379688
1602,-37.151410087,0.008869374077484494
1603,-35.1474597359,0.0073138291458758175
1604,-34.1893082084,0.005949455019029036
1605,-36.8239249724,0.009891404228715836
1606,-31.9479559203,0.010820850459451515
1607,-33.6651746795,0.007776319243176571
1608,-36.0347279689,0.004969836862249999
1609,-38.5460309794,0.007946208234100116
1610,-33.4089651219,0.013140756357948565
1611,-36.7045074249,0.012486881563910979
1612,-36.5034870171,0.012275511947470834
1613,-36.3642956664,0.01256998524644689
1614,-35.6304776064,0.008803148754916654
1615,-34.3757037786,0.012107477789995423
1616,-33.5016905925,0.01793745455314663
1617,-36.1361151052,0.004552818272348094
1618,-35.7450837292,0.011402211415450078
1619,-33.9187725833,0.020871426136973893
1620,-40.7696382675,0.007347529681748147
1621,-35.6991361381,0.005493674051995364
1622,-36.3564130517,0.013968890612264093
1623,-37.6459171048,0.006236768593598021
1624,-34.8792066757,0.00552219309286334
1625,-34.7816788235,0.014611457704622726
1626,-38.1519709038,0.0036397603652679957
1627,-35.9435027891,0.010511744022170135
1628,-41.4394466738,0.006168615176515139
1629,-36.3415904491,0.014384137761370775
1630,-35.2243198697,0.0208423362011247
1631,-37.7015344572,0.004178973775940402
1632,-40.9128582176,0.0041872593263757325
1633,-35.9289085386,0.016225833818790773
1634,-36.3982559336,0.01636003459683355
1635,-37.9889630012,0.005056461158163782
1636,-36.3622813755,0.005444409978937783
1637,-36.4770309829,0.012152870434782472
1638,-38.5600014263,0.007638280633370132
1639,-37.8019748841,0.0059781952686913005
1640,-35.5877325908,0.01270401534438677
1641,-38.052521591,0.0063574238667986485
1642,-40.2922795528,0.004152687224570909
1643,-36.0960981978,0.006845921953399338
1644,-38.0166807512,0.011453933251955607
1645,-38.670985067,0.005871581565728445
1646,-37.3905071174,0.013566867354926912
1647,-41.1890402562,0.005319632309662936
1648,-34.9210179555,0.005162336672394909
1649,-34.6840002695,0.00786613891208767
1650,-36.3182171151,0.005731239041251894
1651,-37.2976218843,0.007543249110876499
1652,-34.1325876401,0.009458037832075748
1653,-37.4052633654,0.00620358317348796
1654,-35.9556032917,0.009698734319607437
1655,-37.7159363258,0.004337415025007367
1656,-38.1355472843,0.02485684547061968
1657,-40.168539068,0.017357205978407137
1658,-38.5077631687,0.007187840973415132
1659,-40.8881868108,0.004431601102163763
1660,-40.3846407581,0.007701903425445204
1661,-37.2255694172,0.027141658382380092
1662,-39.2004926502,0.005966673382976813
1663,-39.6504884142,0.0045332431021178855
1664,-40.7106210481,0.006182795693706926
1665,-40.022336112,0.009835558901023592
1666,-37.8601984391,0.007794557726349359
1667,-40.2568013143,0.006563420942630558
1668,-38.2412659167,0.00961760065698913
1669,-39.6570214048,0.0038527131440193193
1670,-38.5624757503,0.004880517831728668
1671,-41.7688119212,0.009828202048444885
1672,-40.9059915528,0.005966279779585072
1673,-37.9566300964,0.007530068268087171
1674,-39.8810124266,0.0058381661535729275
1675,-34.8515725193,0.006182778957323158
1676,-38.2184340179,0.0054033945429848235
1677,-40.3089872896,0.005297779852300878
1678,-36.1661227237,0.01297341470237202
1679,-36.8034931511,0.012409249744751657
1680,-37.2656395107,0.0031081282493985603
1681,-39.056726026,0.004234577338941992
1682,-38.6611347769,0.010966704332958183
1683,-36.7024995697,0.008977118859027968
1684,-38.6179812432,0.00707631726279068
1685,-42.0234687233,0.006650749948457092
1686,-40.6297440413,0.012012633177852557
1687,-38.0674157886,0.006395952877932926
1688,-38.3893533653,0.0036585475735776726
1689,-39.0593942357,0.006636886649101092
1690,-38.993599797,0.01063352933296245
1691,-42.6867539363,0.007244106524196556
1692,-38.3071660381,0.005817098815308502
1693,-36.3006001292,0.00742977989847482
1694,-37.5084726311,0.008661113968535692
1695,-41.976602314,0.009311790721521314
1696,-39.2980259988,0.005159170683154862
1697,-38.0663031976,0.010795103184688168
1698,-39.1980373077,0.005178788054643116
1699,-40.470958954,0.009470859113791554
1700,-38.9188838127,0.015566278389311926
1701,-37.2335581489,0.004136460831629649
1702,-36.4900877712,0.008729189341594557
1703,-35.9196616473,0.0042054486560635694
1704,-35.9419340726,0.010127925642886044
1705,-38.1547984194,0.00477694034840865
1706,-35.4253342778,0.01175018830762078
1707,-33.7680514931,0.007939551112498383
1708,-38.5327042951,0.015455402648808585
1709,-34.1221249007,0.005622020502408632
1710,-36.3274755443,0.005599395767323121
1711,-37.7456918908,0.012470397838762564
1712,-38.47658095,0.017868350890520975
1713,-37.7223123393,0.006680926564420741
1714,-36.5211205859,0.0066802638332772914
1715,-38.6099031517,0.007157421946958264
1716,-42.138512557,0.009155883498598971
1717,-39.361762275,0.00683252903885428
1718,-37.0488545403,0.009168187548817732
1719,-38.3344118768,0.009090735763807908
1720,-36.1487177288,0.015536354264295305
1721,-35.1349364912,0.005244300841898968
1722,-39.9035036947,0.010616913913121712
1723,-32.443055673,0.010090327005624873
1724,-35.8079509482,0.004822465757107362
1725,-39.0399807521,0.018127685067024595
1726,-36.887383661,0.01107591507784068
1727,-39.5457982853,0.005723149973724351
1728,-36.9765361795,0.006485630315085729
1729,-39.0065336146,0.007835268116271723
1730,-39.358626955,0.0137426851956796
1731,-40.3190016033,0.011054013233714495
1732,-37.4172491247,0.004119825731652713
1733,-37.0715660075,0.010457172031988933
1734,-38.8614467789,0.009022829162143677
1735,-41.8882931354,0.004776695130832062
1736,-38.2734857206,0.008251464907104449
1737,-36.381330225,0.01114700860192232
1738,-40.0194378002,0.007501328629993172
1739,-39.9613542938,0.006219606738408612
1740,-42.3105965309,0.00893851282216
1741,-41.022943769,0.005660311511438579
1742,-41.2386723788,0.008839470034428816
1743,-38.9897442588,0.008033352264849357
1744,-38.8863761712,0.013620145733456664
1745,-37.8095337854,0.005830496460006131
1746,-40.7845241425,0.006013795666027826
1747,-39.2444203263,0.00868807699124
1748,-36.4341270838,0.009178458288376193
1749,-39.2750316457,0.007569016626041922
1750,-39.1836825538,0.01182257399763896
1751,-40.5717266049,0.005901417455186868
1752,-42.0600225372,0.00975655655970239
1753,-43.6538019192,0.009437550264258434
1754,-40.2121944873,0.006333085375040998
1755,-39.618305561,0.01010938992271209
1756,-40.4155733679,0.007423321897783239
1757,-43.1101125144,0.013607161462896283
1758,-41.4661632033,0.0032158602684348647
1759,-40.9657472857,0.008737436055081873
1760,-42.0218424892,0.004861342260599431
1761,-41.1670977336,0.007643939503223382
1762,-37.5945489942,0.01791951621561827
1763,-36.2470574747,0.006462143691916813
1764,-39.0690682464,0.00510832032942927
1765,-38.5148479407,0.004468310738251013
1766,-38.969506976,0.015353182675020352
1767,-38.1142924829,0.0055666756457196055
1768,-43.8900424577,0.011407922343271752
1769,-38.4727995475,0.0068815685285541625
1770,-38.0100197161,0.0038609063061892956
1771,-40.1552823327,0.007981888865500851
1772,-40.242085505,0.010085553942247614
1773,-37.9330468244,0.005024438223481417
1774,-37.6691620973,0.0080670035832137
1775,-40.4884924435,0.006815274204136728
1776,-39.4054273503,0.00631781426804175
1777,-41.937074427,0.014683547677960387
1778,-40.9459272125,0.0038071364381895355
1779,-37.4347758382,0.006792310867005552
1780,-39.9446892347,0.005269202235978733
1781,-39.9755674408,0.009858694321378947
1782,-40.0471293182,0.011895342132766154
1783,-37.5242514918,0.005355743034094909
1784,-40.2890689791,0.005275036898528519
1785,-38.3574668556,0.00594723819405731
1786,-37.720943622,0.01856723390384057
1787,-39.5494534733,0.006999742495427204
1788,-38.7638191511,0.006674972075735867
1789,-38.7882941413,0.005988362972424408
1790,-40.5537738509,0.00740717950669117
1791,-39.9647579751,0.006577624935721103
1792,-39.2362052961,0.006644156096493182
1793,-38.8062971122,0.008692119989848862
1794,-38.322679141,0.010790651895188377
1795,-38.0718224512,0.009911208641625502
1796,-37.521190939,0.0023550983800919266
1797,-38.4073647418,0.007109116587329383
1798,-38.6046064393,0.011177191119763528
1799,-41.5773736682,0.007758335251433593
1800,-38.791011138,0.005304539657259412
1801,-37.593541676,0.011714285192376866
1802,-37.7390127617,0.0066885103332443565
1803,-38.5277664773,0.0072366946965078454
1804,-39.4097853,0.005752201076043885
1805,-39.8876100276,0.004518746642994659
1806,-38.1860045106,0.007758783411162173
1807,-37.2705762194,0.008764123597712111
1808,-41.0626975601,0.005948609438995825
1809,-38.6999411124,0.003229837549409369
1810,-41.1990454379,0.0036823752552033206
1811,-42.312249251,0.012252115095710642
1812,-36.4949521842,0.0074543927665205335
1813,-36.7105206954,0.0075021604173333605
1814,-42.4610904712,0.00441595195570266
1815,-37.3726666293,0.005723694065590602
1816,-36.3487807185,0.009244881900217793
1817,-37.7414719083,0.0070149443205276855
1818,-37.5821743073,0.005603397642076906
1819,-36.969673036,0.011010396848669012
1820,-37.7727360719,0.007154386217686796
1821,-35.7177093952,0.006893379534690685
1822,-34.3729351965,0.005544592593695788
1823,-36.9481264593,0.00458385973094959
1824,-37.1223498281,0.0075046049289844464
1825,-35.2124226589,0.0106465757742681
1826,-36.3984738176,0.004998494253573323
1827,-36.3481606481,0.004015205616690438
1828,-36.8356362211,0.005495616011555503
1829,-36.7914997401,0.010953800551418418
1830,-38.1496559804,0.015668199531861167
1831,-36.1310833889,0.006474296699543566
1832,-38.0816018456,0.0043343898885381225
1833,-36.2490569994,0.006086181091684601
1834,-35.342746432,0.028411730628701767
1835,-35.2575399572,0.0029647765974193897
1836,-37.8289801899,0.002525800294879545
1837,-36.5667834679,0.005554487537464153
1838,-35.2839850518,0.020585823830241167
1839,-36.2823300256,0.00243523208432479
1840,-37.8667622167,0.008335095223462258
1841,-37.0742717148,0.00704721631760664
1842,-37.0299655394,0.009473048010715052
1843,-36.2439404103,0.007474623473636695
1844,-38.5670229046,0.006163919187435093
1845,-36.723623025,0.00404064948111124
1846,-36.9777264083,0.013514701588634105
1847,-37.9345047538,0.008477291420986518
1848,-38.0805207168,0.0021493864564318156
1849,-36.7339606203,0.005433480130447771
1850,-36.1827519659,0.008300127759975654
1851,-36.2751338431,0.009227857219402
1852,-35.4336206566,0.010176187063573794
1853,-36.8723750865,0.0016603793132926809
1854,-35.8947614286,0.006169109392384325
1855,-36.2432380273,0.016697782234874777
1856,-36.625896728,0.003225080225286083
1857,-37.7949124427,0.00326248106439577
1858,-36.5753843326,0.0036103217881027242
1859,-36.4130285643,0.008114522844384157
1860,-38.0305054952,0.0051020121898248455
1861,-37.8151475675,0.003011805685009148
1862,-36.3129842534,0.006743698189782755
1863,-35.9753785372,0.006748839654638007
1864,-36.6354039377,0.00706334945079947
1865,-36.0997623784,0.011277078620894804
1866,-34.8483396214,0.002879274147225517
1867,-37.2294052484,0.0038335915653470876
1868,-38.2575546261,0.0056406794938128535
1869,-33.7665079126,0.010011585753632252
1870,-34.3686732852,0.00678916007161514
1871,-38.4503643858,0.003656885072630753
1872,-36.5510576544,0.003662720453472566
1873,-36.472974696,0.008379514761484312
1874,-37.3050328249,0.005413871013166587
1875,-36.6234920683,0.005331103131978077
1876,-35.836105452,0.005588188721697717
1877,-37.7822009177,0.008640266366841981
1878,-37.0489877473,0.005186083988662281
1879,-35.3903019691,0.005637926726706946
1880,-37.1100184321,0.009778332805375597
1881,-37.641683474,0.004361835993715222
1882,-37.829026591,0.0053216311505167885
1883,-36.4944917303,0.003694277788865673
1884,-35.7114755401,0.009123856044825332
1885,-37.7977675781,0.007228522817129035
1886,-37.4114371744,0.0036214710288823416
1887,-35.7433360362,0.0018521304991508131
1888,-34.9067573128,0.0033155718346680315
1889,-38.2437743666,0.010942172241732594
1890,-35.6534166191,0.005184157817265839
1891,-35.212579281,0.0039270133437888195
1892,-38.168427095,0.0029524131182603196
1893,-34.5834016024,0.006710110578333832
1894,-34.11905823,0.005280711966821413
1895,-37.1855549765,0.006237133227632447
1896,-40.0535695301,0.00322951295991018
1897,-33.1399198676,0.002704263215286448
1898,-35.7615319792,0.00941674496068026
1899,-35.6237470647,0.005683251741051499
1900,-36.8317306949,0.0058768746567101965
1901,-38.5032880356,0.0041545427959725255
1902,-36.2639014302,0.0024074055733352205
1903,-35.3610757351,0.007865768484664259
1904,-34.5541382617,0.005332348310876431
1905,-34.9803991007,0.0034119947721446627
1906,-35.9467801017,0.002320185820882626
1907,-34.7074606509,0.005296978884801432
1908,-34.2342834496,0.011577350387658699
1909,-35.5188406878,0.002545004995396047
1910,-34.1346804358,0.007730031741264352
1911,-34.064379297,0.0033768657222982886
1912,-35.5474411329,0.007398885199094102
1913,-35.5902197326,0.002859590803158742
1914,-32.4087145227,0.004322327398762961
1915,-36.9559745141,0.004431065722792161
1916,-34.0710262912,0.0040721343917741615
1917,-32.8957451309,0.0029454790228843437
1918,-32.0834978727,0.007185338874064962
1919,-34.3973567672,0.005684886329597438
1920,-35.1153770889,0.006523483529108641
1921,-37.0324343246,0.002364377379732596
1922,-34.6686863252,0.0045561748552325485
1923,-36.7500247996,0.007673966119598334
1924,-35.1620647847,0.004583643191745803
1925,-32.6523764675,0.0029662941270573316
1926,-35.4284580672,0.00617775673042077
1927,-33.2272377884,0.004195984590268928
1928,-31.2663968844,0.006167533532588805
1929,-33.9855825822,0.0009254608303040518
1930,-35.1970093225,0.004774599165061767
1931,-30.8800790122,0.004021133246069128
1932,-29.6011326538,0.011948784417042176
1933,-35.59398792,0.0025241773966519234
1934,-32.414720529,0.005757950146649289
1935,-40.0919185523,0.004980760782639327
1936,-32.8056999245,0.006171265339888881
1937,-39.8375456579,0.0034623863928199034
1938,-32.2844097195,0.0023742869334994125
1939,-37.345055829,0.010756907476895592
1940,-34.3095218081,0.004786243906251581
1941,-30.6438954204,0.002285103837982745
1942,-31.0710132917,0.0026134849058889117
1943,-32.7061823969,0.0050187543675024445
1944,-32.810170494,0.01135629512697846
1945,-31.2671548213,0.006672186761805878
1946,-35.8957089997,0.005164135538131057
1947,-34.485232188,0.0018797046344512733
1948,-34.0518733725,0.007027373887678005
1949,-34.1323358814,0.0044941415646236145
1950,-37.1070136992,0.00642248188580472
1951,-34.8010317682,0.0056075855436710145
1952,-36.0897904891,0.006004947458844347
1953,-36.2386326197,0.002018525462089173
1954,-33.9649971678,0.00423967754564983
1955,-32.0686569117,0.007105633314754215
1956,-32.8409981901,0.003171072348957385
1957,-32.5772403385,0.0035857689522256738
1958,-31.6374871686,0.004328279864471033
1959,-32.8919081037,0.002409189582786556
1960,-31.9842678678,0.005171942575873985
1961,-32.3271586299,0.003506713470451793
1962,-31.3522401505,0.004061441014640177
