0,-139.31939232
1,-142.571724121
2,-130.716555307
3,-129.208206094
4,-119.134394432
5,-113.822350669
6,-112.75042499
7,-96.9808727839
8,-93.5714261842
9,-87.0395164896
10,-85.3330699287
11,-76.9949564369
12,-76.964662224
13,-71.6527991205
14,-74.3460999164
15,-73.4172480268
16,-69.6803890287
17,-66.7317687966
18,-63.8083567773
19,-64.1564105846
20,-65.5767344685
21,-62.8540801739
22,-64.3972481643
23,-63.4824099489
24,-61.7686657401
25,-57.6245852882
26,-62.0158177454
27,-57.3912503751
28,-54.9595074663
29,-55.8140023024
30,-53.9245191048
31,-53.3368792995
32,-55.3062760893
33,-52.2492138993
34,-52.0679007409
35,-54.0270536123
36,-49.9252411125
37,-48.4475516824
38,-51.6689854453
39,-49.2608502507
40,-48.2435808648
41,-45.4351432126
42,-48.7652145188
43,-47.3539250625
44,-45.7039721466
45,-46.4947122927
46,-47.5017466453
47,-46.4209941209
48,-45.1000043726
49,-47.6459770141
50,-44.9944227915
51,-46.4756560203
52,-42.1071455154
53,-43.589317857
54,-44.0951398116
55,-46.8285956937
56,-43.9343093458
57,-44.0762922257
58,-44.7050908542
59,-42.3537861936
60,-40.4536408513
61,-41.7013105611
62,-40.7443115442
63,-42.3861716382
64,-43.1999557077
65,-39.1620954052
66,-43.1481300805
67,-39.8822607852
68,-40.0156719334
69,-40.8694453679
70,-42.2103911883
71,-37.7049606088
72,-37.8247905258
73,-39.1900427364
74,-38.6694983157
75,-38.7683615195
76,-37.4965174042
77,-36.7763446523
78,-36.4558356532
79,-38.4049030642
80,-34.8965826644
81,-36.5848607717
82,-36.0111367629
83,-34.6701798324
84,-36.7847018634
85,-35.0490875984
86,-37.2635466366
87,-33.3367880909
88,-37.8335585055
89,-35.5689123533
90,-33.1817480791
91,-34.3534014516
92,-36.0563303328
93,-34.8872939227
94,-33.557563397
95,-34.2526664498
96,-33.0051407473
97,-34.8272010664
98,-33.8571842847
99,-34.5627651729
100,-34.002584773
101,-31.7117221702
102,-32.842253993
103,-32.8281219805
104,-32.6475157284
105,-33.3940300111
106,-33.4795671565
107,-32.7551745264
108,-34.1845747281
109,-31.1986107204
110,-32.0480998482
111,-34.4232575038
112,-31.6912655881
113,-34.560660111
114,-33.407358948
115,-32.7532574271
116,-34.3401707489
117,-31.8645701643
118,-35.2607081378
119,-32.7129749705
120,-33.4563699201
121,-35.5872880078
122,-32.0281132468
123,-32.8728251623
124,-33.224196584
125,-31.7820855607
126,-34.7929613545
127,-32.8766688249
128,-30.6309885707
129,-30.3114543787
130,-32.751307736
131,-31.8939059961
132,-29.5749002281
133,-30.8435423597
134,-29.0594479248
135,-31.0649204958
136,-31.2816216702
137,-29.9106939194
138,-30.0157935797
139,-34.174684613
140,-30.4065195154
141,-30.6039694129
142,-31.0155924035
143,-33.640641834
144,-31.1090141953
145,-31.3136730302
146,-29.9279895634
147,-27.2371014526
148,-27.9955982977
149,-29.2463101713
150,-31.6640915091
151,-30.1749984392
152,-33.846044225
153,-31.3761573027
154,-28.9539271973
155,-29.5124551966
156,-28.5996804743
157,-28.4176460775
158,-29.9894905356
159,-27.3852073296
160,-28.6491459991
161,-30.6282097417
162,-28.3302501177
163,-32.6211060038
164,-29.7493762494
165,-31.1718142812
166,-27.9007861654
167,-28.6969144945
168,-29.5909418511
169,-29.3631305997
170,-29.4719697761
171,-32.1330014872
172,-27.6606409202
173,-28.5709840586
174,-28.7168472272
175,-29.484931575
176,-27.6305552748
177,-29.8582394869
178,-30.9458798242
179,-30.0204645758
180,-29.2110501043
181,-28.524735603
182,-28.2647935618
183,-30.5874010666
184,-29.1165639601
185,-28.70193293
186,-27.8639357799
187,-28.9393353808
188,-34.8371608332
189,-29.3707401679
190,-30.1001594081
191,-29.1433394353
192,-27.5503023418
193,-30.3833752217
194,-27.7796478958
195,-30.7596689331
196,-28.2584350598
197,-30.1541167375
198,-30.7682148322
199,-29.2471138541
200,-27.9771253019
201,-31.7595471231
202,-32.4560192208
203,-30.9331029152
204,-28.0746452661
205,-31.1654160492
206,-27.1066375861
207,-27.313670328
208,-27.7045317
209,-30.3995638367
210,-30.7257376644
211,-32.1464232834
212,-29.135495538
213,-30.0057262831
214,-28.3625061491
215,-28.9278038243
216,-29.6671014323
217,-26.9713438161
218,-27.7560745643
219,-28.2731414516
220,-28.6408350465
221,-26.0384466233
222,-33.6626162898
223,-27.5681170065
224,-30.64400513
225,-28.7454663541
226,-28.7095517917
227,-29.6269666831
228,-28.1679563945
229,-30.0362822675
230,-26.9494631428
231,-26.5445325542
232,-27.9255733613
233,-29.5486285737
234,-26.3524295517
235,-28.4203835287
236,-26.3149872459
237,-29.3332528315
238,-30.1038711331
239,-25.592513072
240,-27.6609349445
241,-28.5297464549
242,-30.3580567018
243,-26.8291863437
244,-34.6634994505
245,-31.2468868059
246,-28.1866886395
247,-27.6376671307
248,-27.7267165217
249,-29.9855764154
250,-27.8447533696
251,-29.1210750899
252,-24.6978585426
253,-26.5218432553
254,-31.0714247925
255,-26.5059229091
256,-27.82187331
257,-26.2542877503
258,-29.7805799817
259,-26.3888293959
260,-25.0921872206
261,-27.0434523087
262,-26.579507882
263,-27.1775324603
264,-24.3593280251
265,-27.0486785497
266,-25.5344966772
267,-26.8391327005
268,-23.4451128957
269,-28.2203249453
270,-25.4432856868
271,-25.262039174
272,-23.615083353
273,-25.3691385203
274,-31.3482011574
275,-26.9712598878
276,-28.527883765
277,-28.2566460995
278,-24.2208344418
279,-30.6756410852
280,-25.825924902
281,-28.1845548579
282,-27.452869786
283,-25.5604634448
284,-26.10426646
285,-25.5667493064
286,-24.3657554681
287,-25.1554108989
288,-24.8853154929
289,-24.2280910414
290,-23.0003955256
291,-24.4505081808
292,-25.445063988
293,-30.1091696718
294,-25.4836660506
295,-28.8817848582
296,-26.8232224165
297,-28.1342255824
298,-25.5185624308
299,-24.5441176758
300,-26.174953476
301,-28.1309785232
302,-33.3945032595
303,-28.376303981
304,-25.1879390599
305,-24.6877478253
306,-25.3826119921
307,-24.6099951071
308,-24.516134221
309,-26.6334158558
310,-27.9693805917
311,-26.3244365486
312,-23.3425530735
313,-30.1363288552
314,-31.4376539342
315,-27.9009516066
316,-26.5582037642
317,-23.1702473685
318,-27.1656175028
319,-26.8197190214
320,-27.5190044839
321,-29.1822840295
322,-26.3717505336
323,-30.0061168669
324,-26.1454736769
325,-26.5065135261
326,-29.4625214231
327,-25.9996530666
328,-22.5127498313
329,-24.0532248519
330,-23.98859312
331,-28.158982528
332,-26.8737924675
333,-25.3245437226
334,-20.9915269987
335,-21.6322508354
336,-24.6530646825
337,-25.338079076
338,-28.6344279758
339,-26.1648181226
340,-29.3942383708
341,-22.55008582
342,-25.4769216213
343,-27.9246644211
344,-33.7007635919
345,-25.7358652798
346,-26.7040700612
347,-27.2136940819
348,-25.194637693
349,-26.0978544518
350,-29.2308584053
351,-24.5740709813
352,-25.4443242142
353,-25.1255346023
354,-24.2312308248
355,-30.0628671339
356,-24.7094752856
357,-29.0229889947
358,-25.299062948
359,-30.5260146171
360,-27.9826543524
361,-29.0192179149
362,-26.8164148425
363,-22.1526216355
364,-26.6655165892
365,-29.4635500704
366,-23.2584225272
367,-26.1829513404
368,-25.7035523456
369,-21.5543218728
370,-24.0827047518
371,-25.1547084261
372,-25.9510776106
373,-23.1381908107
374,-23.5791559548
375,-27.9829427686
376,-25.0228259547
377,-21.9682765123
378,-24.2995129985
379,-27.300544386
380,-23.2792805591
381,-29.3295216788
382,-21.8321851541
383,-29.4780476799
384,-24.4548803847
385,-26.198973258
386,-23.6830521063
387,-24.3491301334
388,-23.2231537298
389,-25.24516914
390,-22.7772129789
391,-25.2568926882
392,-27.1570519165
393,-29.5922815933
394,-25.0502236343
395,-26.7093212204
396,-27.7077063329
397,-23.5972881173
398,-25.0360646757
399,-26.0098995894
400,-25.8804271115
401,-21.7852065854
402,-28.1362797863
403,-25.5030141654
404,-26.259491803
405,-26.5842064946
406,-23.400583421
407,-27.3109691727
408,-25.4196299393
409,-26.0779807552
410,-26.6755741652
411,-25.4618071797
412,-25.7195748193
413,-25.4579054706
414,-28.2398666016
415,-23.530028572
416,-23.910652731
417,-23.8662016002
418,-24.4120792248
419,-22.8293627276
420,-27.5995468339
421,-24.338669444
422,-25.6244616123
423,-24.0982075115
424,-28.9265961222
425,-23.7060523754
426,-23.0842719159
427,-26.2949958666
428,-24.5807152594
429,-25.2631291918
430,-28.3346077398
431,-26.839279342
432,-24.7657540608
433,-23.1871588883
434,-25.7276132227
435,-26.0247255299
436,-25.3005061711
437,-24.5705041423
438,-23.9297883971
439,-23.3822288022
440,-23.8748128178
441,-27.3157745114
442,-25.1137937151
443,-25.1428454702
444,-28.6950576295
445,-24.2063470616
446,-26.5773658021
447,-23.3483756857
448,-23.1057882054
449,-23.4644562812
450,-27.4615531256
451,-23.7662900254
452,-26.8690715321
453,-23.4954405266
454,-24.2793216834
455,-23.9376829665
456,-28.1501170895
457,-30.0790878148
458,-25.3169882506
459,-25.1409106134
460,-27.3744118938
461,-25.3181970186
462,-24.3456802478
463,-25.6483721719
464,-22.7178170783
465,-28.7442265363
466,-25.1325761172
467,-24.7507544567
468,-24.2709386943
469,-27.0986254607
470,-28.0956957917
471,-23.5740550505
472,-30.0041966052
473,-25.710876648
474,-29.3627558643
475,-25.7281079097
476,-23.8754020386
477,-28.4506554034
478,-22.8209735869
479,-25.6259867044
480,-26.3456979373
481,-25.7520718265
482,-28.6217732547
483,-31.1831996213
484,-23.3653739244
485,-21.5357940864
486,-24.5459097898
487,-24.9020179977
488,-25.6282435541
489,-24.171930322
490,-25.2290880049
491,-22.8482590168
492,-22.560998268
493,-23.4812323733
494,-28.1368094273
495,-24.1441446538
496,-23.89270347
497,-23.4536903835
498,-27.0789682342
499,-26.1139894204
500,-21.9857241223
501,-28.6667002779
502,-25.3557240345
503,-25.8309557371
504,-23.4435240952
505,-22.6301720452
506,-24.6272653806
507,-24.2437840497
508,-27.4355674558
509,-23.2730891017
510,-27.0001809029
511,-27.7963512058
512,-27.9908999931
513,-25.7200115057
514,-24.4544438199
515,-25.2778453539
516,-26.749401869
517,-23.5604192117
518,-28.5683401028
519,-25.5561845158
520,-24.9075845278
521,-25.1853042359
522,-27.3091442221
523,-25.5970570578
524,-24.5553299746
525,-22.8282333399
526,-24.4765924497
527,-29.5616273361
528,-24.3537846205
529,-24.8936086777
530,-26.3552444887
531,-23.6081566783
532,-25.4936107559
533,-23.3104381061
534,-25.134582537
535,-29.1052630943
536,-22.2641198584
537,-26.2191687156
538,-25.8126197357
539,-26.6429269718
540,-22.3017912422
541,-22.3414172418
542,-22.2084777647
543,-20.8933821463
544,-26.6414811127
545,-22.429679311
546,-23.154753157
547,-21.9221966909
548,-26.4416048274
549,-24.8533479129
550,-24.3429833886
551,-26.9921530837
552,-23.62497267
553,-23.1770333937
554,-25.4881199826
555,-29.0718468634
556,-25.8358067921
557,-25.3219652212
558,-31.9802096322
559,-21.8524348
560,-26.2435785787
561,-21.7331338736
562,-23.1832770308
563,-21.8779813439
564,-27.4712473229
565,-25.2424121795
566,-21.3830423221
567,-22.768353585
568,-28.9391061135
569,-24.7776922518
570,-28.8495539732
571,-27.2518377128
572,-25.2165461308
573,-22.4561509322
574,-29.7982187707
575,-24.457453372
576,-31.7084747367
577,-24.6754719847
578,-24.6516771544
579,-22.5732651059
580,-22.2786078561
581,-24.9033006452
582,-22.6708912799
583,-27.6615645241
584,-26.968992831
585,-23.2844228868
586,-27.8180880867
587,-24.5310385733
588,-24.2239536206
589,-23.6103706336
590,-26.5123612825
591,-33.3061339219
592,-25.1567330441
593,-25.5979446261
594,-25.717630024
595,-26.0572582617
596,-22.0274436035
597,-26.5478497247
598,-23.1714778718
599,-22.114578914
600,-23.3492406984
601,-30.0505111867
602,-22.5941507463
603,-31.4088596733
604,-24.6560352201
605,-25.817793151
606,-24.5024998086
607,-22.326354925
608,-23.2295804028
609,-27.0193586844
610,-27.3937084823
611,-25.0147820141
612,-24.9142481121
613,-25.1697385618
614,-26.6948256693
615,-24.7952573565
616,-24.8774173119
617,-23.5240334253
618,-24.807673405
619,-24.2459329544
620,-24.1817174693
621,-25.0685357766
622,-24.8670857405
623,-21.6931427642
624,-25.0723838867
625,-27.8764875952
626,-27.1731029535
627,-26.0226400718
628,-25.8359558369
629,-22.6757488257
630,-25.9615530439
631,-23.834288021
632,-25.5320169639
633,-23.4639501972
634,-23.6535847484
635,-23.2180278841
636,-25.4153516743
637,-26.4647116695
638,-27.42744118
639,-27.769461978
640,-26.7195095863
641,-23.2905357738
642,-25.8873339754
643,-21.9963944019
644,-25.3363720406
645,-24.6378910327
646,-25.1004630811
647,-26.0964282435
648,-21.4309164805
649,-21.6367441547
650,-27.3351601432
651,-21.040025533
652,-23.2869050645
653,-22.5836241142
654,-20.441581969
655,-31.1013249754
656,-26.1994194243
657,-25.7850964465
658,-20.8565564153
659,-22.1865706904
660,-22.1272268122
661,-20.030317693
662,-22.2131745652
663,-20.0538482355
664,-23.2356476627
665,-25.7433147997
666,-21.456638611
667,-24.76111207
668,-22.0746194048
669,-22.1794324339
670,-33.1356830418
671,-25.281120387
672,-30.0134427874
673,-22.7757076283
674,-23.9154411828
675,-20.790401489
676,-24.4710238413
677,-21.8618035176
678,-23.1902354282
679,-23.6326641567
680,-25.9576450913
681,-23.0870675604
682,-27.9163333651
683,-23.5811178217
684,-25.2680328883
685,-21.5773511637
686,-23.4251252687
687,-23.7400375202
688,-23.3324370887
689,-19.8911874994
690,-24.697112714
691,-21.9731991535
692,-26.4866597729
693,-23.5317018442
694,-23.4686353285
695,-23.1753932942
696,-28.5901935756
697,-23.4270559635
698,-24.2755432786
699,-25.3407218496
700,-23.8573523999
701,-24.2948831573
702,-23.8359125973
703,-25.1842501135
704,-25.9541343434
705,-21.3591118623
706,-22.0659203672
707,-22.9387450039
708,-21.3643144521
709,-22.5664193754
710,-21.2864866564
711,-23.9706493351
712,-23.7245564383
713,-21.6494431907
714,-23.384638621
715,-23.9860857384
716,-21.7318654888
717,-25.9141835903
718,-27.1542759127
719,-23.7044860431
720,-25.1379086003
721,-23.3844415007
722,-24.1047714124
723,-24.2547863819
724,-23.1602026312
725,-24.7661153956
726,-25.478440353
727,-25.0437241723
728,-24.7856714382
729,-22.2603828851
730,-23.6494870559
731,-29.7010667796
732,-27.5882236994
733,-29.4355856627
734,-26.503372126
735,-29.7341298426
736,-22.6274350942
737,-29.4273378493
738,-28.8748402669
739,-28.4683268246
740,-27.1480541627
741,-28.8008543263
742,-25.8406264256
743,-26.3116215876
744,-28.9685756764
745,-26.9350933766
746,-23.5240973983
747,-26.670072712
748,-26.9243200195
749,-24.4378355301
750,-30.1263113973
751,-24.2836204612
752,-25.816542387
753,-26.7095448498
754,-23.8144175443
755,-26.6446032824
756,-21.9081840418
757,-27.6342165915
758,-24.6362781095
759,-28.2051492245
760,-22.0983194543
761,-25.9837015507
762,-25.9546747383
763,-25.1584402702
764,-23.7749027409
765,-19.5930754998
766,-29.4397307935
767,-24.0497137812
768,-25.1937522384
769,-22.7573274518
770,-23.9140180539
771,-28.7839931617
772,-25.2073584403
773,-28.9232770774
774,-26.1215823557
775,-24.8314736341
776,-23.6403082987
777,-24.4287030648
778,-25.1682032552
779,-25.9167833851
780,-23.0886120506
781,-29.5666142691
782,-23.9389194416
783,-23.490908281
784,-23.828631422
785,-22.7375646788
786,-25.517562545
787,-22.6199475912
788,-24.8450249492
789,-26.4465024795
790,-24.0832355648
791,-24.8909907995
792,-29.000011293
793,-22.146968681
794,-23.392548575
795,-22.2627140143
796,-24.7345583191
797,-26.4840311327
798,-21.8090007458
799,-25.8506413602
800,-25.7878427903
801,-23.9314011395
802,-20.8180040143
803,-20.7271485079
804,-23.5060417111
805,-21.0345128163
806,-25.9686615268
807,-24.1573101825
808,-24.7777033677
809,-22.8095144677
810,-26.7740185624
811,-26.9932972467
812,-25.1510080658
813,-24.3307922594
814,-23.7040535036
815,-27.8329454884
816,-30.9717926829
817,-26.7863918588
818,-24.3256857112
819,-27.1255805584
820,-26.1677293634
821,-24.5410742537
822,-24.2570644992
823,-29.6975570524
824,-29.9030724646
825,-27.5190626497
826,-27.1161617127
827,-27.6559984718
828,-24.2994885382
829,-23.0579771188
830,-24.7660191903
831,-26.709742746
832,-27.4554570247
833,-25.1330553359
834,-23.3894902383
835,-23.3640640136
836,-27.82212695
837,-25.446303688
838,-21.8883469783
839,-25.5531769845
840,-24.6795109253
841,-20.5925159041
842,-25.2079232852
843,-28.0491762154
844,-23.155059686
845,-21.7265910198
846,-25.0035572588
847,-23.5479840071
848,-23.8868471093
849,-24.7533352243
850,-22.8291611301
851,-25.2737824201
852,-28.2995473221
853,-25.4889875701
854,-26.960441123
855,-29.3079751597
856,-24.1097895
857,-26.2792598098
858,-25.3194207039
859,-24.9149388218
860,-26.1174858695
861,-24.2856189295
862,-28.9686260713
863,-24.3942255691
864,-27.1045048319
865,-23.6124076411
866,-22.1684002522
867,-24.2799818029
868,-25.6140958881
869,-23.9224944245
870,-24.0658432335
871,-28.2077281679
872,-27.823364143
873,-21.9458226792
874,-22.9832557385
875,-30.4998760969
876,-30.5356136044
877,-29.6444887729
878,-23.2827351822
879,-27.9744143989
880,-22.8370442828
881,-31.7134329452
882,-23.4340505382
883,-32.2747202644
884,-27.1449316202
885,-25.2685558452
886,-22.7105941968
887,-22.973513131
888,-24.8156536265
889,-21.435648963
890,-27.984397977
891,-22.7788044423
892,-22.0932648999
893,-26.0722116554
894,-23.0120746849
895,-24.0142111583
896,-21.6898322071
897,-20.6700826665
898,-23.9220751085
899,-26.9310629133
900,-25.5209138353
901,-21.6149468485
902,-25.7457504246
903,-20.9643745642
904,-24.5740525355
905,-29.4522094539
906,-24.6212205221
907,-20.8686479394
908,-22.3334576841
909,-23.0498036454
910,-24.7898792284
911,-24.6683547722
912,-22.9495553467
913,-27.0288308702
914,-25.4017383554
915,-25.6053086204
916,-24.3235008616
917,-24.7649007934
918,-21.4931569825
919,-21.7940208435
920,-25.3665557883
921,-23.3879302587
922,-24.5941617742
923,-22.0888225513
924,-23.7032372591
925,-23.666135469
926,-26.9323425412
927,-24.5662802811
928,-23.6484119258
929,-26.1480840425
930,-22.1364380817
931,-23.252678241
932,-22.4169521462
933,-22.3343845806
934,-26.4127831672
935,-25.5970458218
936,-24.9424317513
937,-26.4807572005
938,-23.1002082899
939,-23.6202782556
940,-23.6830793097
941,-22.114072818
942,-27.5726218302
943,-22.6881623327
944,-24.0820791812
945,-26.8201215735
946,-24.0422770717
947,-23.174575852
948,-25.1662129226
949,-24.3288857194
950,-23.0594385505
951,-21.8823001129
952,-25.7846355428
953,-22.2379817179
954,-25.1005120204
955,-25.106166548
956,-23.6592080685
957,-22.6207526671
958,-24.6020059686
959,-24.3492965488
960,-22.4275700252
961,-22.8888072248
962,-24.9263264259
963,-25.6185497248
964,-25.0875052366
965,-23.2807899614
966,-22.5216697322
967,-23.612099376
968,-24.0122224
969,-21.9870562482
970,-25.0931447664
971,-25.3999501506
972,-25.2622795836
973,-27.3176044289
974,-26.7485381578
975,-23.7385306142
976,-24.1669259814
977,-21.5145064371
978,-26.4134568072
979,-25.9350334914
980,-25.3163075764
981,-23.4587553687
982,-24.1956644308
983,-28.0231672097
984,-21.8325879587
985,-22.5676286974
986,-27.3961694727
987,-25.0537436388
988,-24.5046997076
989,-26.0762762879
990,-25.1206362491
991,-26.1204785912
992,-25.2431770678
993,-28.0588782803
994,-26.3026186135
995,-22.5802892976
996,-23.9686474716
997,-21.8973032713
998,-25.3898840829
999,-24.9409526562
1000,-25.968664947
1001,-24.0733525379
1002,-22.3082501666
1003,-24.8180348691
1004,-25.365423188
1005,-22.3599413979
1006,-25.0454808148
1007,-26.396537584
1008,-24.6288751364
1009,-26.2868865611
1010,-25.5416771324
1011,-28.3268564954
1012,-27.0638389166
1013,-27.1828986047
1014,-25.0072857912
1015,-30.2765491176
1016,-26.1630399892
1017,-24.3911028854
1018,-28.1942930612
1019,-26.8226071729
1020,-25.5181813755
1021,-24.1087868483
1022,-27.4838615722
1023,-21.2580368831
1024,-23.0487044695
1025,-23.5597992582
1026,-23.0734702658
1027,-23.2163310546
1028,-22.6684070296
1029,-19.858471384
1030,-25.8050750219
1031,-21.0477967457
1032,-28.5455121416
1033,-20.9644775488
1034,-21.5737037394
1035,-23.7044753776
1036,-24.0438849707
1037,-24.4393827258
1038,-22.6566204024
1039,-21.0706123183
1040,-22.6439283751
1041,-23.2651926105
1042,-22.9580036547
1043,-28.2758949074
1044,-22.7327898188
1045,-24.2240230668
1046,-21.6780362849
1047,-24.5211662489
1048,-23.9081225737
1049,-25.2265850855
1050,-24.1928679651
1051,-20.4747144297
1052,-24.6543231778
1053,-21.6703451221
1054,-23.4122735096
1055,-24.6590686791
1056,-23.91679146
1057,-27.0971859535
1058,-25.9594527145
1059,-24.8421646612
1060,-25.2384636201
1061,-22.6840405223
1062,-24.2123925081
1063,-26.6207991877
1064,-24.490315295
1065,-27.1620290791
1066,-24.9244176647
1067,-28.5071899855
1068,-22.1040560937
1069,-23.6943516713
1070,-25.7554733542
1071,-21.4774047662
1072,-22.0672390106
1073,-20.9219075885
1074,-27.6811286283
1075,-23.4535634616
1076,-22.6262408713
1077,-24.9768509334
1078,-23.5275910559
1079,-26.1946123382
1080,-22.2359443031
1081,-28.5456043603
1082,-23.6267301858
1083,-29.7735704996
1084,-21.5129866701
1085,-22.1721276892
1086,-23.9190127111
1087,-22.0537027706
1088,-25.3161915002
1089,-27.6047567329
1090,-23.5493022895
1091,-25.4898260852
1092,-25.8547310999
1093,-24.8552389113
1094,-22.4929054526
1095,-26.4376488539
1096,-24.2801344856
1097,-23.0135596714
1098,-22.9438446258
1099,-27.2203649351
1100,-24.0447919208
1101,-21.3371449767
1102,-24.5753715293
1103,-24.378247992
1104,-26.7596537495
1105,-25.1285981394
1106,-24.7156778481
1107,-28.8738553889
1108,-24.466856477
1109,-24.6490154797
1110,-24.1682223703
1111,-26.8440214238
1112,-24.255528973
1113,-24.1357284012
1114,-27.4939417638
1115,-23.311105969
1116,-25.0148953094
1117,-26.2045284691
1118,-23.0805995634
1119,-27.902895529
1120,-24.6830123701
1121,-25.7674914914
1122,-26.6544619557
1123,-25.7067295819
1124,-25.5734724393
1125,-29.4053536809
1126,-26.7762941532
1127,-23.8977070179
1128,-24.9149924452
1129,-26.3187884585
1130,-30.5827980632
1131,-28.0153236879
1132,-29.440765374
1133,-25.8197009424
1134,-26.8107058496
1135,-25.2369875192
1136,-24.8957687812
1137,-24.7033192161
1138,-23.4118300109
1139,-25.2040074844
1140,-25.7749708282
1141,-23.1990366401
1142,-21.9081529202
1143,-23.14441147
1144,-23.7425721669
1145,-23.7830841002
1146,-24.8340391711
1147,-24.8506595395
1148,-25.3723622646
1149,-24.1180549634
1150,-26.1155471991
1151,-24.7651072718
1152,-26.0275795288
1153,-22.8882477408
1154,-26.9169887012
1155,-26.713566204
1156,-28.8688194072
1157,-25.2825757199
1158,-26.2271753084
1159,-24.7723115789
1160,-23.7111352982
1161,-23.960788015
1162,-23.3292943079
1163,-25.5573442135
1164,-23.6871509595
1165,-23.8851582865
1166,-22.8790816227
1167,-26.6961130856
1168,-24.5847070465
1169,-24.5929951282
1170,-21.2589336808
1171,-20.6710624464
1172,-22.5971389632
1173,-25.471906395
1174,-22.7352308494
1175,-26.8002300116
1176,-23.6387919444
1177,-25.1070698606
1178,-24.2795273481
1179,-25.2837871186
1180,-23.6741501825
1181,-26.423926783
1182,-22.6699461676
1183,-22.9572384265
1184,-25.1401362022
1185,-26.6590197548
1186,-24.3679808746
1187,-25.7337435573
1188,-29.3927868165
1189,-23.7994796467
1190,-24.3779043352
1191,-21.3839141227
1192,-21.7849353788
1193,-21.6250654944
1194,-25.9899952941
1195,-26.4992833779
1196,-26.5231898674
1197,-24.1870441583
1198,-21.2417754331
1199,-23.9309640952
1200,-25.3256717857
1201,-22.1541598183
1202,-23.5721489704
1203,-26.2536516254
1204,-24.5433194492
1205,-24.7023013299
1206,-23.9504941332
1207,-23.9016063122
1208,-22.4635182034
1209,-21.1064683582
1210,-24.4227148162
1211,-23.5725036468
1212,-25.1005790559
1213,-23.5085052882
1214,-24.7722834628
1215,-25.8934741524
1216,-26.2168220022
1217,-26.3089592044
1218,-23.123916025
1219,-22.7980841224
1220,-28.3321028737
1221,-22.0973116005
1222,-26.7967853235
1223,-26.0065724489
1224,-23.7477262273
1225,-21.8412927241
1226,-22.170576196
1227,-24.4438205925
1228,-21.5395546513
1229,-23.1178857137
1230,-28.933007236
1231,-23.4528079041
1232,-30.7160827658
1233,-25.0517433939
1234,-21.5819261073
1235,-21.1890922874
1236,-25.1608687085
1237,-26.1695138245
1238,-23.5364285837
1239,-21.9420645644
1240,-25.8000439278
1241,-24.7094684196
1242,-27.5967688598
1243,-24.3258097093
1244,-23.4168148738
1245,-24.3206362295
1246,-22.5675453329
1247,-24.1213408654
1248,-26.0631757474
1249,-25.0182833271
1250,-27.0737317906
1251,-27.0306708858
1252,-21.3975816557
1253,-21.9637763349
1254,-24.2087941529
1255,-21.1566542553
1256,-24.1217886795
1257,-22.7298859153
1258,-22.1428374687
1259,-23.5663025636
1260,-25.7001124092
1261,-23.8043066775
1262,-26.8226785583
1263,-25.7641262931
1264,-27.818920317
1265,-26.5741438322
1266,-25.7813252918
1267,-26.8324908921
1268,-26.3731982796
1269,-27.423492817
1270,-22.5684341336
1271,-24.2834773338
1272,-24.5768968958
1273,-22.9559962608
1274,-26.4167943489
1275,-21.6382305145
1276,-23.9490316122
1277,-23.6462842674
1278,-23.1822889597
1279,-25.2465553261
1280,-29.9491897549
1281,-27.6476398242
1282,-27.9689133711
1283,-27.3952437544
1284,-29.2453642062
1285,-26.6702860681
1286,-23.2659689668
1287,-28.7455271432
1288,-23.2818697831
1289,-26.0668283821
1290,-25.3199177818
1291,-23.8681218297
1292,-26.3568983871
1293,-25.6903753377
1294,-24.2659961194
1295,-21.6635781299
1296,-24.8482548145
1297,-21.758879542
1298,-22.0800328538
1299,-23.9708531719
1300,-25.7305959012
1301,-23.8597376316
1302,-25.5974438447
1303,-24.0209953158
1304,-28.5175591165
1305,-23.0719080663
1306,-23.9545299792
1307,-22.0161054523
1308,-21.7949172412
1309,-22.1858918091
1310,-22.7074146211
1311,-22.6850709903
1312,-24.2365384585
1313,-25.8609493501
1314,-26.6963874873
1315,-25.444777961
1316,-22.6170620893
1317,-23.1182480361
1318,-23.1430974352
1319,-23.8405506194
1320,-27.2272436789
1321,-24.5573644946
1322,-22.6274461241
1323,-23.4822056369
1324,-23.4186354743
1325,-23.3281394177
1326,-23.3172712533
1327,-22.9567087416
1328,-23.6924734854
1329,-25.0227443524
1330,-24.6323327472
1331,-23.8509066879
1332,-23.0994734858
1333,-21.9599984904
1334,-22.7790702384
1335,-27.4140018933
1336,-21.6183058678
1337,-26.5069069074
1338,-24.493152789
1339,-25.0110586967
1340,-24.0275256881
1341,-23.581878737
1342,-23.8553472532
1343,-29.3158592553
1344,-22.0052185908
1345,-25.4149779983
1346,-22.2407117812
1347,-25.5976313311
1348,-24.343390591
1349,-23.182615524
1350,-23.2218328699
1351,-22.4333514322
1352,-31.2478258234
1353,-26.468048873
1354,-23.5851112344
1355,-26.4567491817
1356,-24.0004085087
1357,-23.8840837918
1358,-26.7008455918
1359,-25.5618665063
1360,-26.0034385126
1361,-23.741108936
1362,-22.3028836017
1363,-24.0579673719
1364,-25.1250016265
1365,-22.9017216628
1366,-26.4374455128
1367,-24.6908108399
1368,-24.167438664
1369,-22.7852091573
1370,-24.4560290795
1371,-23.2631933359
1372,-26.8639778018
1373,-26.4458345944
1374,-23.6116705079
1375,-24.7488784004
1376,-22.5601458565
1377,-22.7608409746
1378,-24.4211508615
1379,-25.6925308282
1380,-26.795042155
1381,-22.6372123609
1382,-21.9840737516
1383,-22.7612720882
1384,-23.9235513691
1385,-27.9695111923
1386,-24.2225900439
1387,-23.5654752473
1388,-21.4590036013
1389,-22.2825392607
1390,-24.8803948059
1391,-23.9899186337
1392,-24.4034140179
1393,-25.4102580651
1394,-25.1979756559
1395,-23.0478331762
1396,-21.3819888951
1397,-26.8577421642
1398,-22.2806851036
1399,-25.1700875521
1400,-25.2021050483
1401,-28.0262641443
1402,-22.167334626
1403,-21.9304236728
1404,-29.6591327509
1405,-20.789633174
1406,-21.2394110102
1407,-22.5881288614
1408,-25.4407202143
1409,-25.5382488063
1410,-23.4497590141
1411,-24.3406974717
1412,-24.5192129283
1413,-23.5128164317
1414,-23.0836290021
1415,-24.6224477907
1416,-22.7910923517
1417,-24.2190835464
1418,-23.4340565558
1419,-24.750332094
1420,-29.613849355
1421,-25.883281279
1422,-21.538377596
1423,-23.414827442
1424,-26.4869900499
1425,-22.2049299156
1426,-21.3824583762
1427,-24.1213758808
1428,-23.4697593792
1429,-27.6099139346
1430,-23.9099846157
1431,-28.0805347099
1432,-23.8088434928
1433,-22.9396652606
1434,-27.941718329
1435,-26.1875782495
1436,-24.8210184802
1437,-26.0964164586
1438,-22.679096813
1439,-25.1838499992
1440,-25.7667184453
1441,-26.8635411478
1442,-25.7871341192
1443,-24.8510276602
1444,-23.6212766727
1445,-24.2238628586
1446,-21.5059769717
1447,-23.1429100167
1448,-23.9668606673
1449,-23.5317640612
1450,-23.9473026541
1451,-22.6736855157
1452,-20.5974438669
1453,-24.0172509023
1454,-26.0626175754
1455,-24.0634900965
1456,-22.2675907949
1457,-23.0862049467
1458,-27.6163207789
1459,-25.0418737822
1460,-22.8888432825
1461,-27.1651429301
1462,-22.8021998722
1463,-21.4302035277
1464,-22.1953006075
1465,-22.4190248872
1466,-21.5024781278
1467,-24.9127787796
1468,-22.7225138077
1469,-24.0011587274
1470,-24.1651002711
1471,-22.5566803355
1472,-22.9108332998
1473,-26.9741553351
1474,-22.3420090871
1475,-24.5465103846
1476,-22.4815834382
1477,-25.3667065778
1478,-22.8889798005
1479,-23.0366298921
1480,-24.2562977012
1481,-23.9324968129
1482,-26.1473167828
1483,-24.2071256892
1484,-28.4378183375
1485,-26.8920556201
1486,-22.5214901861
1487,-24.7999292345
1488,-24.4370829952
1489,-22.0917525741
1490,-22.4996199075
1491,-24.6571657295
1492,-24.4719895581
1493,-24.6630725543
1494,-23.7522402753
1495,-30.2103792818
1496,-22.6091981754
1497,-22.9142282381
1498,-25.733409294
1499,-27.1982583702
1500,-24.6040243562
1501,-25.4429984809
1502,-28.3181138811
1503,-24.6595362179
1504,-25.1492941531
1505,-24.9172940759
1506,-25.1488234312
1507,-22.0937298688
1508,-23.7881534916
1509,-25.2785555756
1510,-25.3505747497
1511,-24.1087567275
1512,-24.8598227405
1513,-27.4590583606
1514,-25.7534371914
1515,-23.7109501303
1516,-24.0778019403
1517,-27.5093993478
1518,-26.4185564186
1519,-24.911263111
1520,-23.3232112013
1521,-24.9290683602
1522,-21.8831449467
1523,-22.3128193192
1524,-26.3698687725
1525,-23.4684855302
1526,-23.5312398034
1527,-24.6229321431
1528,-25.6719729279
1529,-19.6223636737
1530,-21.1246677763
1531,-24.3082006884
1532,-22.872354271
1533,-22.2643826677
1534,-27.8255243979
1535,-24.5021481557
1536,-26.2809759339
1537,-22.7484220371
1538,-26.0350499028
1539,-25.0960866012
1540,-22.9570799927
1541,-29.1336465967
1542,-26.5655507519
1543,-21.5557043804
1544,-22.8546335635
1545,-25.2520231577
1546,-24.6724872983
1547,-27.2696478044
1548,-26.5444435021
1549,-24.0856152496
1550,-28.9611628235
1551,-22.6685405674
1552,-26.5036411036
1553,-24.5908925617
1554,-22.2296125393
1555,-19.8892908424
1556,-24.0230237556
1557,-22.3893358897
1558,-26.4271879565
1559,-25.3374722449
1560,-22.9399087946
1561,-27.1391992965
1562,-24.9286142136
1563,-21.5564594432
1564,-23.3494750669
1565,-23.4610704621
1566,-25.8279096008
1567,-25.081436895
1568,-25.1981173268
1569,-22.0955352105
1570,-22.8483508545
1571,-23.6460593876
1572,-25.8588399675
1573,-21.59432282
1574,-23.527179425
1575,-24.435879117
1576,-23.4068019152
1577,-22.8066189409
1578,-23.9340818092
1579,-25.5642672114
1580,-22.8093599639
1581,-26.4458488614
1582,-28.7417733623
1583,-25.5891777163
1584,-27.4225367933
1585,-22.2537746174
1586,-28.3044251783
1587,-25.0506690639
1588,-23.2879824498
1589,-25.2961055443
1590,-24.4800258712
1591,-23.6966815737
1592,-25.6118762823
1593,-21.1987975945
1594,-24.8993318553
1595,-24.8283744243
1596,-27.5362181207
1597,-26.2228471881
1598,-26.3200714548
1599,-25.0663675093
1600,-30.2489719943
1601,-26.6104789761
1602,-22.8081142254
1603,-27.5938824576
1604,-25.1518399531
1605,-23.9704581547
1606,-25.6351782487
1607,-21.4254597797
1608,-26.3635732166
1609,-23.4673597215
1610,-23.6779812388
1611,-23.195028039
1612,-24.2493699634
1613,-28.6022884894
1614,-24.4315590618
1615,-26.0474117052
1616,-24.099895598
1617,-21.4974628099
1618,-26.4016383305
1619,-23.1120802456
1620,-21.124783132
1621,-23.2744205403
1622,-25.4668136992
1623,-22.3660887522
1624,-31.1522648779
1625,-26.182782345
1626,-22.7038367897
1627,-25.5607741782
1628,-23.5840180138
1629,-26.354622866
1630,-22.3099790066
1631,-27.1162213939
1632,-23.3332082888
1633,-26.0268996931
1634,-22.8715992831
1635,-23.9219393302
1636,-23.1888720483
1637,-24.1466291174
1638,-23.2498247614
1639,-23.096430933
1640,-22.7677491454
1641,-25.8845800553
1642,-23.4768666192
1643,-23.6374611209
1644,-23.6027043407
1645,-25.1748273025
1646,-27.6420469966
1647,-26.7046873573
1648,-27.8650728683
1649,-25.5232634801
1650,-25.7106276629
1651,-25.6170155746
1652,-26.0252482272
1653,-22.7318765678
1654,-27.0543756078
1655,-21.983930772
1656,-22.7668606319
1657,-23.6197482418
1658,-26.4684275763
1659,-21.3227749504
1660,-25.1147762505
1661,-21.2004604427
1662,-21.177867755
1663,-23.7045196961
1664,-22.8368597757
1665,-22.398582529
1666,-25.7832772553
1667,-24.9378386797
1668,-31.7471377463
1669,-25.0479016444
1670,-28.3609626387
1671,-24.8804713698
1672,-24.9796760185
1673,-22.3993002424
1674,-25.0771022144
1675,-23.2626715408
1676,-21.8250387155
1677,-21.1632469431
1678,-23.2082980801
1679,-22.415263599
1680,-24.3408001095
1681,-23.877670039
1682,-28.4687113691
1683,-26.0813849607
1684,-28.9198341972
1685,-26.1753093426
1686,-22.7723712565
1687,-25.6854273656
1688,-26.1659178253
1689,-26.5797747583
1690,-25.4899158653
1691,-29.3117291889
1692,-28.6854615458
1693,-26.4977777901
1694,-25.8783185295
1695,-24.6753451194
1696,-26.7442802387
1697,-27.8651716228
1698,-28.524539936
1699,-28.7171810755
1700,-25.1629477616
1701,-27.2098027094
1702,-26.4911466708
1703,-26.5376093249
1704,-26.9663350857
1705,-23.9355285942
1706,-25.3891707458
1707,-23.7947375158
1708,-22.4617576519
1709,-26.386971771
1710,-24.5685556768
1711,-26.7099953744
1712,-23.5571997997
1713,-27.0635874697
1714,-25.3780719775
1715,-26.4016547587
1716,-24.9897697649
1717,-24.3498504988
1718,-30.2345198656
1719,-23.1612342944
1720,-23.8147938198
1721,-21.8663698317
1722,-23.1574549945
1723,-26.5163951596
1724,-24.5813695006
1725,-25.3527842928
1726,-25.4185002058
1727,-27.5249811906
1728,-23.7345418394
1729,-22.8328823243
1730,-22.5627986325
1731,-27.4719587393
1732,-23.9639355543
1733,-22.371852918
1734,-25.5744475878
1735,-26.2116216177
1736,-24.2171394936
1737,-25.475475189
1738,-24.0042398104
1739,-27.5698424156
1740,-24.8851845859
1741,-23.7849031133
1742,-26.8558456933
1743,-23.9297954812
1744,-26.089622723
1745,-22.5439368123
1746,-24.9588857676
1747,-22.9774068872
1748,-23.8268249889
1749,-26.92978589
1750,-27.480258455
1751,-24.5815862892
1752,-22.0818880411
1753,-23.9269479367
1754,-24.3292625178
1755,-21.8697591336
1756,-24.71958304
1757,-27.5148803055
1758,-22.7314814392
1759,-27.676814723
1760,-22.3317248261
1761,-28.1088793063
1762,-23.1362966426
1763,-25.0858276015
1764,-25.4408761509
1765,-25.2761267067
1766,-24.7366297709
1767,-23.4377977021
1768,-24.1248007536
1769,-27.5824317728
1770,-21.814764919
1771,-25.8076757325
1772,-25.7631963457
1773,-30.6017258615
1774,-27.6840426851
1775,-26.3397316054
1776,-23.3534124574
1777,-23.7113111873
1778,-25.6625075474
1779,-25.1986802213
1780,-22.5386972695
1781,-23.6638629031
1782,-28.9432505099
1783,-24.999880578
1784,-26.3454839345
1785,-24.8383626479
1786,-26.8139137788
1787,-26.0537228634
1788,-22.6103769926
1789,-24.896566019
1790,-26.4818213678
1791,-22.2834359451
1792,-27.2144354663
1793,-22.472813663
1794,-22.9017753243
1795,-25.6724412453
1796,-28.3549758003
1797,-23.7710868164
1798,-22.572350385
1799,-26.16847047
1800,-22.1243755058
1801,-22.6625500341
1802,-20.5386888263
1803,-22.0942248259
1804,-23.5561839614
1805,-21.1299494912
1806,-20.8233950962
1807,-21.8651766209
1808,-29.6609635215
1809,-23.3444239937
1810,-25.9280622056
1811,-22.6978682719
1812,-24.7900532136
1813,-25.1542078733
1814,-22.6603949494
1815,-23.5191784982
1816,-22.7486721458
1817,-22.9215109217
1818,-25.8904856575
1819,-23.0026071
1820,-29.507394884
1821,-24.8138735168
1822,-32.0361712462
1823,-22.3572386885
1824,-20.8624039684
1825,-26.6664206177
1826,-20.409629844
1827,-24.6214900728
1828,-27.5223431488
1829,-24.3452628937
1830,-21.9845086955
1831,-21.6716165634
1832,-23.5870274487
1833,-24.3649763948
1834,-25.3881015934
1835,-26.4078161742
1836,-22.9667111854
1837,-30.3993562261
1838,-27.8605123544
1839,-24.1316353508
1840,-25.0973691917
1841,-23.6979003305
1842,-21.9836679157
1843,-21.7083637328
1844,-26.0810344023
1845,-22.9257226369
1846,-21.3927794286
1847,-21.4063730024
1848,-21.3189382139
1849,-26.901152021
1850,-23.421335685
1851,-23.7137050944
1852,-24.0746744328
1853,-23.6881918359
1854,-24.2006390959
1855,-29.2898529026
1856,-28.3064069151
1857,-27.1788450062
1858,-26.4968954817
1859,-23.9263981073
1860,-22.5592170004
1861,-27.3039449853
1862,-24.803164205
1863,-23.9158784232
1864,-22.2764770087
1865,-26.0880099887
1866,-24.714961616
1867,-23.2699220112
1868,-23.0720705401
1869,-24.0947860765
1870,-28.3678616051
1871,-22.3678982725
1872,-25.4142393015
1873,-24.1279830239
1874,-22.5370485227
1875,-22.5233502942
1876,-25.2230708138
1877,-22.8321883199
1878,-29.0666042992
1879,-25.2705085302
1880,-26.5150213147
1881,-22.4769164061
1882,-23.2874374897
1883,-26.0936607357
1884,-25.0892225728
1885,-26.3393227601
1886,-24.5930248003
1887,-24.5034162927
1888,-26.6711794735
1889,-23.6113819124
1890,-24.5613114194
1891,-25.427782009
1892,-23.0105205026
1893,-22.1854103953
1894,-24.3039105038
1895,-25.2028892177
1896,-24.4380831363
1897,-24.2922997647
1898,-27.9639279881
1899,-22.7276370581
1900,-22.0467548921
1901,-24.6877445341
1902,-23.4825675015
1903,-22.4570786854
1904,-25.4009066091
1905,-26.6974294014
1906,-21.3585754332
1907,-22.9067474635
1908,-22.9299930289
1909,-23.9868948036
1910,-26.1616448677
1911,-21.8718065727
1912,-23.7069007072
1913,-25.2650251883
1914,-24.4295359725
1915,-24.6223944336
1916,-22.1641136351
1917,-24.2312254607
1918,-25.2686025126
1919,-23.9017472653
1920,-24.7604618642
1921,-24.2129949377
1922,-27.3974076828
1923,-22.9012412238
1924,-22.6331318389
1925,-24.4256408284
1926,-23.8704814489
1927,-24.3365395223
1928,-30.2075200122
1929,-24.6153767754
1930,-22.8625651101
1931,-22.660181046
1932,-23.2998875504
1933,-24.2963305524
1934,-25.856156592
1935,-23.3939975736
1936,-23.2172170087
1937,-26.2835872382
1938,-23.0796531403
1939,-23.2989863328
1940,-22.8880233204
1941,-22.1172463752
1942,-24.2657494462
1943,-27.5720074892
1944,-24.6585542317
1945,-24.349767169
1946,-22.3674043119
1947,-24.6574200103
1948,-23.339571773
1949,-22.0953614321
1950,-20.7274728332
1951,-21.6176265875
1952,-25.7517078195
1953,-23.1187454989
1954,-22.4249272935
1955,-22.3655729992
1956,-22.8835635937
1957,-26.2520048522
1958,-23.3340145603
1959,-24.0625723848
1960,-25.0455610145
1961,-24.914287257
1962,-22.9455170631
1963,-21.1589535793
1964,-23.2049603708
1965,-22.0995816717
1966,-22.4287237758
1967,-23.1867196451
1968,-25.1460048295
1969,-23.4348229763
1970,-22.5302031286
1971,-23.1207982139
1972,-25.0547244039
1973,-22.4122904387
1974,-23.1334380011
1975,-27.6064575582
1976,-22.8861432504
1977,-21.1759343066
1978,-22.7832667063
1979,-22.5215728583
1980,-23.2698405518
1981,-22.912709836
1982,-25.4502787111
1983,-22.4685491638
1984,-21.0884689477
1985,-27.4343133338
1986,-26.0490393782
1987,-24.5118426128
1988,-24.4883141713
1989,-23.4516014666
1990,-26.2524199985
1991,-23.4800202677
1992,-25.2810601519
1993,-24.7412808034
1994,-23.5109563722
1995,-24.4059973289
1996,-23.5891788597
1997,-24.1319435845
1998,-23.5636288209
1999,-26.7441359854
2000,-27.9899274724
2001,-23.4355559183
2002,-28.3176468927
2003,-22.1246284768
2004,-25.5489003245
2005,-26.3319329076
2006,-25.109858466
2007,-21.2661464955
2008,-25.5080668527
2009,-19.9324713015
2010,-25.026151592
2011,-22.8778486897
2012,-26.1786718362
2013,-21.9376202429
2014,-20.5279634399
2015,-21.6741872733
2016,-24.8911401874
2017,-22.1884922078
2018,-22.2937676317
2019,-22.9547879585
2020,-21.0073514073
2021,-22.104462303
2022,-20.7955063645
2023,-20.9448959089
2024,-20.681152291
2025,-21.0399801005
2026,-20.8363043356
2027,-25.2348259971
2028,-21.0976817622
2029,-26.0315603104
2030,-22.5753890669
2031,-23.5944034452
2032,-20.9627817536
2033,-20.044576861
2034,-24.2248345519
2035,-24.7337097655
2036,-22.5237111149
2037,-23.4486409969
2038,-26.4782441465
2039,-23.2533889857
2040,-20.5157466191
2041,-20.6494597371
2042,-22.7644707654
2043,-20.5357259583
2044,-20.6240062365
2045,-22.8173270218
2046,-24.118821866
2047,-22.4299882426
2048,-23.6327191671
2049,-21.511698858
2050,-25.4119938078
2051,-21.0604354446
2052,-24.704102214
2053,-20.8851763285
2054,-23.6039630087
2055,-22.4747348585
2056,-23.1324313957
2057,-20.9420111412
2058,-24.9199461467
2059,-22.8937922031
2060,-29.4408274719
2061,-22.2342962589
2062,-26.5402814852
2063,-25.7435733961
2064,-28.0131791261
2065,-21.6092247501
2066,-25.0552625802
2067,-24.4440496337
2068,-21.9063054888
2069,-23.4755251369
2070,-23.5111788195
2071,-20.384228576
2072,-24.5011998188
2073,-24.2902351984
2074,-22.8728722616
2075,-23.4582818829
2076,-24.7749281372
2077,-26.9603619671
2078,-25.4097415152
2079,-21.3816416139
2080,-26.4743552386
2081,-21.6434777961
2082,-25.571891482
2083,-21.4007424267
2084,-23.5617162639
2085,-24.8374113846
2086,-26.1264115357
2087,-19.846309333
2088,-24.427225376
2089,-28.3689274906
2090,-26.3711725777
2091,-26.4808104736
2092,-23.3166819159
2093,-25.8265947233
2094,-24.2310946972
2095,-24.3558069194
2096,-20.9848781661
2097,-23.6502037176
2098,-25.1863583261
2099,-25.7450364403
2100,-22.0808414194
2101,-21.9253101622
2102,-24.8732900128
2103,-22.0541202495
2104,-20.9341704135
2105,-25.2870590679
2106,-25.1643966188
2107,-25.360484359
2108,-25.9485989576
2109,-24.4599703545
2110,-25.0032896443
2111,-23.1562140626
2112,-29.5041297974
2113,-29.9989834418
2114,-30.9992735372
2115,-25.698371791
2116,-29.1285841138
2117,-28.1850713155
2118,-26.0203751026
2119,-25.5501033878
2120,-26.8221194015
2121,-29.6804080822
2122,-24.8541900014
2123,-27.9706221159
2124,-26.5188113821
2125,-23.7090416828
2126,-25.2050550767
2127,-24.6635769014
2128,-25.9913560173
2129,-23.6112683392
2130,-24.1920122392
2131,-26.545271115
2132,-22.3776559327
2133,-23.5844791248
2134,-21.6831070433
2135,-21.2518404036
2136,-22.0644644072
2137,-25.1596665528
2138,-27.1636865547
2139,-31.155586919
2140,-26.9953188084
2141,-24.7178793255
2142,-24.3786205622
2143,-22.869413951
2144,-22.6149806441
2145,-22.2865623279
2146,-23.6360160963
2147,-23.7082877205
2148,-24.4239259669
2149,-22.9659253781
2150,-20.8269181183
2151,-24.6299801848
2152,-23.7243606173
2153,-21.8890079533
2154,-23.3707277741
2155,-25.5238393869
2156,-23.3836742889
2157,-28.2548035609
2158,-22.3523537378
2159,-22.1686313458
2160,-20.9023208755
2161,-21.8174718149
2162,-22.6041351291
2163,-22.145880937
2164,-22.7175757535
2165,-20.6540625041
2166,-23.5630606788
2167,-24.1623482721
2168,-23.1657933033
2169,-23.6091728092
2170,-24.6739233099
2171,-22.6558182209
2172,-26.8903502604
2173,-20.9867197406
2174,-25.3080889681
2175,-21.7035841302
2176,-22.2264607459
2177,-23.6578470666
2178,-20.533075627
2179,-25.0131905026
2180,-22.603998363
2181,-23.6747791349
2182,-21.915568933
2183,-20.3965201066
2184,-21.2689583992
2185,-29.4269960875
2186,-20.0018179846
2187,-21.1723744057
2188,-25.6998841511
2189,-21.4778133672
2190,-21.362212078
2191,-23.8549024591
2192,-24.5283793076
2193,-23.8333971199
2194,-21.053272271
2195,-22.3364432287
2196,-21.5637010972
2197,-21.8589313829
2198,-22.1705026046
2199,-21.1599792702
2200,-26.2114230103
2201,-20.3848803968
2202,-23.3863923644
2203,-24.1372479743
2204,-23.3573020732
2205,-22.0761223181
2206,-23.5840690202
2207,-21.5022699503
2208,-23.1410071578
2209,-22.7332267881
2210,-22.583611787
2211,-22.6208478249
2212,-22.0991874755
2213,-27.4014161069
2214,-29.3711304141
2215,-26.1907530507
2216,-25.8210354841
2217,-26.6306882456
2218,-25.7859240252
2219,-21.1054951435
2220,-23.9826059776
2221,-25.0130669608
2222,-27.3507833216
2223,-21.188658832
2224,-23.1587160096
2225,-28.5327293905
2226,-22.840292251
2227,-22.9052587625
2228,-24.0456242977
2229,-25.3908565492
2230,-24.6201022128
2231,-23.7374049777
2232,-23.2280317865
2233,-23.8468653731
2234,-24.2471098731
2235,-25.2949431811
2236,-26.4714942539
2237,-21.8728084755
2238,-23.7849954545
2239,-29.8947926883
2240,-25.4129585019
2241,-24.9144565022
2242,-26.6138485452
2243,-22.5280994657
2244,-25.942928919
2245,-28.6197949796
2246,-25.3767254719
2247,-21.8924418951
2248,-24.9723607292
2249,-21.586805783
2250,-25.2420057795
2251,-22.5609407714
2252,-23.8233247611
2253,-23.9673256136
2254,-24.3076676126
2255,-24.5558681672
2256,-22.1819220308
2257,-23.5979945544
2258,-23.5913158591
2259,-22.9473121573
2260,-20.2363306143
2261,-29.303187549
2262,-23.8387084369
2263,-22.6791693235
2264,-23.5364576882
2265,-23.1381667441
2266,-29.8327903076
2267,-22.9516851951
2268,-22.6649294863
2269,-21.559854262
2270,-22.4838422647
2271,-23.7644722877
2272,-25.3318745695
2273,-27.804677792
2274,-26.0560541916
2275,-22.9217043697
2276,-22.2599047389
2277,-22.3346246233
2278,-20.3444916798
2279,-23.7529609457
2280,-23.2519193612
2281,-25.0607295455
2282,-23.2326222569
2283,-20.7280914126
2284,-26.3835416402
2285,-26.9078524915
2286,-22.1206561342
2287,-22.2969214378
2288,-23.0592511944
2289,-21.1015182827
2290,-23.4773161482
2291,-22.9817315204
2292,-20.262908267
2293,-22.9522694917
2294,-23.8623761522
2295,-20.4983381045
2296,-26.1757764233
2297,-21.6794635655
2298,-27.6291606882
2299,-25.5589701217
2300,-24.5203257419
2301,-21.216914005
2302,-24.0855635206
2303,-23.0361945022
2304,-21.5952107403
2305,-31.659704803
2306,-24.9957488694
2307,-29.8195521184
2308,-24.5412008507
2309,-22.4223763635
2310,-21.9071343165
2311,-24.6814219076
2312,-25.9582307415
2313,-22.6334320113
2314,-23.2464038876
2315,-24.593260821
2316,-23.7982381868
2317,-22.3759761273
2318,-24.0535305176
2319,-23.3504743018
2320,-24.7342174471
2321,-21.283982413
2322,-27.9050973455
2323,-27.8693796876
2324,-24.7120173381
2325,-28.0429704201
2326,-22.3329314179
2327,-26.3480849745
2328,-27.2641748522
2329,-22.6035240628
2330,-23.0059377106
2331,-25.2293402969
2332,-24.0476274422
2333,-24.873498796
2334,-23.6320485657
2335,-25.3483908764
2336,-23.2062450263
2337,-24.9471888757
2338,-24.0395467475
2339,-24.2193742469
2340,-27.4622513774
2341,-25.9177207243
2342,-28.4581473031
2343,-25.1646684403
2344,-25.6410805835
2345,-26.2491942826
2346,-21.1186182409
2347,-22.4688365694
2348,-25.7530982354
2349,-27.4328858568
2350,-28.5519607325
2351,-22.4107390318
2352,-22.5321037762
2353,-25.4188986555
2354,-26.0905555812
2355,-20.8993563843
2356,-22.3463515189
2357,-22.8954561037
2358,-22.9937244515
2359,-25.3416023778
2360,-25.1601101678
2361,-22.3499761489
2362,-23.4695465293
2363,-23.673026816
2364,-22.8176693039
2365,-26.4818308549
2366,-24.1349892932
2367,-23.2873368998
2368,-24.248706909
2369,-21.0012488806
2370,-27.0107436787
2371,-23.8498374119
2372,-26.3256068104
2373,-23.6815854454
2374,-23.1391394722
2375,-26.586653136
2376,-28.1128204277
2377,-23.8824082027
2378,-21.959086958
2379,-24.5436247274
2380,-23.4614367059
2381,-23.0980264827
2382,-22.2447540748
2383,-24.0136745461
2384,-22.7277383473
2385,-25.2324938577
2386,-24.7438877844
2387,-22.8944985684
2388,-26.6531979442
2389,-24.9733481292
2390,-21.6209699585
2391,-24.560160856
2392,-25.1005206301
2393,-25.4280447709
2394,-25.5952040298
2395,-24.2743205498
2396,-21.9263652466
2397,-26.1301221029
2398,-28.3273165602
2399,-23.0447958489
2400,-26.9317644382
2401,-24.5643404826
2402,-26.8803105178
2403,-22.6818118595
2404,-24.5798003405
2405,-27.2584764681
2406,-25.533602434
2407,-26.5490379787
2408,-22.2707261593
2409,-23.1759715276
2410,-23.2241167734
2411,-24.212282786
2412,-24.2790446989
2413,-20.0393894475
2414,-26.4462525869
2415,-22.8768304695
2416,-23.3738024274
2417,-23.6575568015
2418,-27.0513829165
2419,-23.5257170065
2420,-22.3418450911
2421,-20.6710024617
2422,-22.734671327
2423,-23.9557392484
2424,-24.2630722973
2425,-23.5481721233
2426,-26.0980356234
2427,-20.7783154099
2428,-24.2052551523
2429,-23.7069662222
2430,-24.3975485448
2431,-23.7833835816
2432,-25.6355061577
2433,-25.2607311549
2434,-26.6882295782
2435,-20.6226748212
2436,-30.6181226175
2437,-23.2520621086
2438,-20.8598523626
2439,-20.5837215037
2440,-23.2468068761
2441,-21.85066305
2442,-24.1927954774
2443,-24.8953248723
2444,-21.8645671532
2445,-22.4765446492
2446,-22.0364259879
2447,-25.1364008631
2448,-25.0810498484
2449,-26.2897904518
2450,-23.773811429
2451,-23.4370953054
2452,-21.314631327
2453,-22.0052696179
2454,-25.0529853419
2455,-21.8434380528
2456,-20.8235333797
2457,-21.4070378312
2458,-20.157170932
2459,-21.1079964836
2460,-23.0175560136
2461,-23.8048994287
2462,-22.480011321
2463,-20.7108515758
2464,-19.8060571389
2465,-23.7441511674
2466,-21.6478499592
2467,-22.0705798449
2468,-25.4899649683
2469,-27.6154461493
2470,-22.9227405298
2471,-28.4697890469
2472,-30.8511181404
2473,-21.467078339
2474,-27.4916268571
2475,-22.2589474455
2476,-22.6924649947
2477,-27.7625333267
2478,-30.2000731481
2479,-26.6059881248
2480,-24.6733845364
2481,-23.0100271346
2482,-25.0800711975
2483,-21.5755902059
2484,-28.7834371344
2485,-33.7858614388
2486,-23.6255038805
2487,-22.9424035316
2488,-25.1097528749
2489,-19.9772637254
2490,-27.6717659764
2491,-21.7580571741
2492,-21.1895982735
2493,-23.0543771989
2494,-24.3167753932
2495,-22.5806255988
2496,-25.7566762928
2497,-21.6572329534
2498,-21.4894099907
2499,-22.5697701924
2500,-22.6506565259
2501,-21.1672537653
2502,-22.1284389965
2503,-26.1386484041
2504,-20.5769410189
2505,-20.4695157437
2506,-24.8160784157
2507,-23.9460250446
2508,-21.5899833832
2509,-26.4970570648
2510,-22.2547978416
2511,-23.310320762
2512,-22.231797196
2513,-21.3444778506
2514,-24.2133300128
2515,-21.0227299768
2516,-23.4927998657
2517,-25.7924890513
2518,-27.6420513275
2519,-26.1376475094
2520,-23.846905857
2521,-23.2856483707
2522,-23.6923725766
2523,-21.2529037052
2524,-23.7445444881
2525,-24.6535160514
2526,-26.2481727572
2527,-25.9603276387
2528,-21.6619886963
2529,-22.7498568902
2530,-25.5265376141
2531,-25.2400870955
2532,-28.8227769444
2533,-22.0269555111
2534,-24.4714854268
2535,-21.9582218388
2536,-21.8209364455
2537,-25.8898825517
2538,-22.3517681291
2539,-25.2000433672
2540,-22.2122467227
2541,-27.8794716599
2542,-23.3249177152
2543,-24.0048835962
2544,-28.3553251105
2545,-23.4079596603
2546,-24.2215157079
2547,-21.0772787369
2548,-22.9306594569
2549,-20.9432019516
2550,-25.7882115022
2551,-22.3184208772
2552,-22.4397599444
2553,-21.2240447485
2554,-21.575379261
2555,-23.0685378443
2556,-28.9540903198
2557,-25.7757764404
2558,-27.3456818728
2559,-23.1066548957
2560,-26.593316671
2561,-23.1182722867
2562,-21.06511375
2563,-26.1478180538
2564,-27.0107279825
2565,-24.6223548737
2566,-25.2278536041
2567,-23.1831872623
2568,-25.3265789876
2569,-27.0113398376
2570,-24.0251226336
2571,-27.4699248455
2572,-21.6023506938
2573,-28.2081086507
2574,-31.8709407669
2575,-22.6259323726
2576,-23.3284810496
2577,-25.4445755726
2578,-27.4827923779
2579,-24.5417065329
2580,-26.5405245651
2581,-25.5849409184
2582,-26.6785667223
2583,-22.8596130574
2584,-24.0433233896
2585,-28.2400906331
2586,-22.2961496798
2587,-26.8990692401
2588,-23.5020315578
2589,-26.9233004411
2590,-24.7547149768
2591,-23.190897251
2592,-28.2115624969
2593,-22.9686125051
2594,-26.151536912
2595,-22.2150394896
2596,-27.124563364
2597,-23.5912096626
2598,-23.2412836037
2599,-27.391852429
2600,-22.3792894801
2601,-22.0181211513
2602,-23.7189637685
2603,-23.7216897819
2604,-25.4067913949
2605,-26.5056916754
2606,-23.0500398542
2607,-25.0496048321
2608,-22.924783162
2609,-23.1310137936
2610,-25.3388129356
2611,-25.3896955304
2612,-23.1108980845
2613,-20.7086622039
2614,-27.4904786823
2615,-26.1220618872
2616,-21.2870008113
2617,-26.6590728272
2618,-21.9428530134
2619,-21.1912203688
2620,-28.1802934056
2621,-23.6223495941
2622,-21.9922836345
2623,-26.48602911
2624,-23.4214318284
2625,-24.2433743233
2626,-28.7042352749
2627,-25.3848481605
2628,-23.2921787483
2629,-21.5425880566
2630,-24.6914760188
2631,-24.7081352001
2632,-20.8912267346
2633,-22.5991226518
2634,-24.035136076
2635,-26.0804355682
2636,-26.0199526745
2637,-29.2529231838
2638,-28.654190605
2639,-22.3453115307
2640,-21.7374374805
2641,-23.6233381728
2642,-25.6395688075
2643,-24.7954636314
2644,-21.9961966714
2645,-25.2944462428
2646,-25.0403244375
2647,-26.6248102343
2648,-22.9181569571
2649,-24.6586028314
2650,-27.3662899249
2651,-26.1688645035
2652,-24.0826395847
2653,-25.8020096
2654,-25.7133757066
2655,-25.5526932825
2656,-23.5276769315
2657,-27.3218476205
2658,-27.4812137768
2659,-22.8552933856
2660,-26.4252116373
2661,-27.3909457594
2662,-30.9936209164
2663,-24.9270296775
2664,-25.1140237124
2665,-24.6652336232
2666,-27.0203370161
2667,-23.5794884443
2668,-26.7950513267
2669,-23.6407814192
2670,-26.9784817997
2671,-22.8792193791
2672,-26.0915386626
2673,-25.6671751724
2674,-23.101605379
2675,-24.6094812504
2676,-25.0015775181
2677,-23.5035203583
2678,-23.7326286097
2679,-27.0600271677
2680,-26.7333888962
2681,-22.4771528315
2682,-29.2904908808
2683,-23.1609342949
2684,-28.1366210843
2685,-28.0404993134
2686,-23.7210072238
2687,-24.3464979776
2688,-22.8671062873
2689,-26.0546146573
2690,-25.5473072611
2691,-23.906391259
2692,-23.6266626788
2693,-27.2226171314
2694,-21.8308462291
2695,-27.1261614824
2696,-25.3014442264
2697,-26.9229030946
2698,-24.9217959865
2699,-26.9627672094
2700,-28.4700190453
2701,-21.3674407501
2702,-21.9536579304
2703,-26.2880545036
2704,-27.8302838101
2705,-27.7627320463
2706,-24.5372301042
2707,-25.2153685814
2708,-24.6430831969
2709,-24.1130435705
2710,-21.763320113
2711,-26.584453897
2712,-26.0749880759
2713,-24.02767589
2714,-25.3127748203
2715,-22.407432203
2716,-24.9522660397
2717,-25.8403502246
2718,-23.4954830396
2719,-24.8516606611
2720,-27.4412399595
2721,-30.9529814268
2722,-22.1658450474
2723,-27.5103950618
2724,-23.4631759657
2725,-26.979766463
2726,-25.9569755661
2727,-22.8269659429
2728,-29.7644872856
2729,-24.3540375393
2730,-25.2971932948
2731,-26.7264430108
2732,-23.2785303943
2733,-24.4174348246
2734,-24.5676286501
2735,-25.8242161898
2736,-28.9869072772
2737,-25.5481714752
2738,-25.461355289
2739,-24.0188264296
2740,-23.0859303443
2741,-26.6921283175
2742,-24.8957779322
2743,-25.0522753515
2744,-29.4708942516
2745,-27.4489180266
2746,-22.8208590742
2747,-26.6997585681
2748,-25.1859674336
2749,-26.342828302
2750,-25.3883960393
2751,-23.4800484981
2752,-27.3842316801
2753,-26.6505135092
2754,-24.946808461
2755,-26.8200475516
2756,-22.6586820362
2757,-25.9707007536
2758,-28.0843029825
2759,-22.9573597471
2760,-21.554725914
2761,-24.2265434572
2762,-24.0526457949
2763,-26.9059518687
2764,-24.6855198992
2765,-24.1678581024
2766,-32.0357695764
2767,-27.6032843191
2768,-24.4688576861
2769,-25.8026825311
2770,-24.3987701855
2771,-23.7916121986
2772,-27.3587638485
2773,-25.6447691129
2774,-25.6976678751
2775,-24.211876567
2776,-25.9608784383
2777,-23.7107403099
2778,-23.6560248692
2779,-27.0667206069
2780,-22.844442109
2781,-22.7597432829
2782,-25.1915760802
2783,-28.3399172842
2784,-28.6711828313
2785,-24.1996760313
2786,-24.1735918987
2787,-24.4058689289
2788,-21.7967765484
2789,-22.8011191798
2790,-26.0966238228
2791,-27.6930833568
2792,-23.77121102
2793,-26.0917409168
2794,-23.2169662493
2795,-25.8353059933
2796,-23.1616047405
2797,-28.9016218012
2798,-26.1614121258
2799,-22.4363278793
2800,-23.4321536142
2801,-28.2027924566
2802,-26.030551916
2803,-25.2094963267
2804,-24.2274633861
2805,-25.945047256
2806,-22.2608671845
2807,-24.7646666512
2808,-24.4707196158
2809,-25.4548147437
2810,-24.873238381
2811,-26.6745866594
2812,-28.2725117736
2813,-24.8331027233
2814,-30.7034275854
2815,-23.437426716
2816,-22.6844716163
2817,-26.9760328396
2818,-26.361504279
2819,-24.5457351576
2820,-23.7719948273
2821,-27.3111884688
2822,-25.1712025664
2823,-25.0757454409
2824,-24.1254335348
2825,-23.8841388731
2826,-28.1263547636
2827,-28.9099050403
2828,-24.8106170287
2829,-30.285154654
2830,-28.792152235
2831,-30.9691719104
2832,-26.4044162871
2833,-28.6706866351
2834,-28.5776900849
2835,-24.6638469834
2836,-24.938877622
2837,-29.8034207848
2838,-26.4781284308
2839,-26.8602587201
2840,-25.6893916978
2841,-27.9543498007
2842,-24.3161685553
2843,-27.3989803615
2844,-24.6202351869
2845,-28.5676376431
2846,-26.4721881785
2847,-32.4513531619
2848,-24.6434369547
2849,-25.0856306885
2850,-27.0340173083
2851,-25.063722015
2852,-26.674128551
2853,-26.5453919885
2854,-30.9435272272
2855,-25.93154609
2856,-27.2776925149
2857,-22.3208179593
2858,-23.2413172375
2859,-27.7128952773
2860,-23.8534709632
2861,-27.6669162623
2862,-27.6141067751
2863,-25.9009943695
2864,-23.8571751273
2865,-22.9512297537
2866,-28.1089073214
2867,-22.1135531859
2868,-22.5935389074
2869,-25.2204739337
2870,-30.4115050987
2871,-26.1221313421
2872,-28.7108588144
2873,-23.4282762645
2874,-27.1870791419
2875,-22.0685700785
2876,-23.166361554
2877,-23.2934749136
2878,-29.7111594413
2879,-25.716920916
2880,-26.5515347444
2881,-26.8640264806
2882,-24.2853035559
2883,-24.7621537063
2884,-24.212348106
2885,-23.7900822826
2886,-25.3971534123
2887,-29.6457663478
2888,-27.8656764391
2889,-32.8899940744
2890,-24.0185129957
2891,-25.3664302451
2892,-26.9639921805
2893,-24.3466870618
2894,-25.5069375333
2895,-26.3371856218
2896,-29.1188886516
2897,-24.4893747708
2898,-25.6739689873
2899,-22.950112262
2900,-25.4795458491
2901,-30.7737753741
2902,-26.563100202
2903,-26.3191504771
2904,-23.2714604312
2905,-28.8744295118
2906,-27.7305193838
2907,-23.2552126101
2908,-29.6886847322
2909,-26.4185796251
2910,-24.7961026743
2911,-26.3660925311
2912,-24.9304418235
2913,-24.008554848
2914,-25.1580215125
2915,-29.7049315229
2916,-26.6737654253
2917,-30.0353599811
2918,-25.6995851719
2919,-23.5791744711
2920,-27.6445402372
2921,-26.8755844027
2922,-25.8786646876
2923,-23.499275397
2924,-26.5493730171
2925,-25.6186891991
2926,-26.8926611298
2927,-25.57240241
2928,-23.5348253868
2929,-24.8078870661
2930,-27.5548404623
2931,-27.4359061938
2932,-24.427954788
2933,-22.1853129414
2934,-22.4082418518
2935,-27.3540551522
2936,-27.4228056151
2937,-28.0710983846
2938,-24.3873306283
2939,-27.1453997102
2940,-25.305593547
2941,-24.0508133268
2942,-28.7798092284
2943,-31.5663733088
2944,-25.5327286659
2945,-23.9314191997
2946,-23.7738536884
2947,-25.7891797932
2948,-23.9065054898
2949,-24.634154518
2950,-23.1250670788
2951,-25.7438066232
2952,-22.8200149146
2953,-28.9085514045
2954,-23.9344426034
2955,-22.9848617904
2956,-25.2276185027
2957,-28.2153341472
2958,-30.5791517869
2959,-24.7661428126
2960,-26.9746792993
2961,-27.643258099
2962,-26.5345880352
2963,-26.9875240305
2964,-25.8416266487
2965,-25.1385383624
2966,-28.5279300478
2967,-26.4602378241
2968,-27.4655929128
2969,-26.6368599098
2970,-24.7759886922
2971,-28.2179045934
2972,-24.7175748535
2973,-24.1098932811
2974,-24.2404134571
2975,-26.1819758726
2976,-28.4640699294
2977,-28.7440744754
2978,-24.633947538
2979,-28.5636066235
2980,-24.4011933883
2981,-26.7346885056
2982,-23.0470597598
2983,-28.369449186
2984,-26.1532866256
2985,-26.6849428387
2986,-27.861398998
2987,-26.0586017445
2988,-25.1008782218
2989,-23.2183897118
2990,-26.8806256604
2991,-25.9473175833
2992,-24.422896958
2993,-27.3289564613
2994,-26.2167637993
2995,-26.3268424506
2996,-24.958225342
2997,-25.8654095074
2998,-27.6040182465
2999,-24.8879351887
